{
  "name": "dolore sint tempor",
  "id": "labore exercitation",
  "number": "aute",
  "autoPayEnabledFlag": true,
  "shippingPhoneid": [
    "dolore incididunt laboris tempor",
    "laborum exercitation id nisi sed",
    "aliqua",
    "eiusmod Duis dolore",
    "ex enim veniam fugiat",
    "irure dolor amet Duis",
    "cillum id pariatur",
    "ad non veniam proident sunt",
    "ex exercitation tempor est",
    "sint",
    "qui incididunt ipsum",
    "quis esse cupidatat",
    "nisi",
    "magna",
    "minim in",
    "culpa Ut ut",
    "sunt Excepteur adipisicing labore",
    "eu elit adipisicing",
    "ipsum consectetur eiusmod",
    "sit est fugiat et proident",
    "velit",
    "dolore qui",
    "fugiat aliquip exercitation tempor velit",
    "sint occaecat laboris consequat",
    "tempor sunt eu Duis est",
    "nulla aliqua eiusmod aliquip",
    "Duis dolor enim",
    "reprehenderit Lorem laborum",
    "in Ut qui id",
    "nostrud in anim minim",
    "aliquip",
    "culpa",
    "laborum proident quis ad",
    "dolore",
    "anim aute reprehenderit commodo cupidatat",
    "voluptate ex nisi in",
    "ullamco Ut aliquip",
    "Ut laborum nisi",
    "officia cillum eiusmod",
    "pariatur Ut proident id qui"
  ],
  "accountType": "incididunt velit irure dolor",
  "billContactAddress": [
    "sed officia elit ad magna",
    "consectetur eiusmod Duis dolore",
    "consectetur nostrud",
    "labore irure in Lorem et",
    "magna culpa",
    "exercitation non",
    "dolor sunt est culpa Lorem",
    "magna dolore aliquip ea aliqua",
    "ut",
    "dolor aliqua",
    "incididunt",
    "Excepteur",
    "minim cupidatat do",
    "id aliqua ullamco",
    "est",
    "Excepteur fugiat anim",
    "Lorem commodo nisi et in",
    "non adipisicing cupidatat mollit fugiat",
    "et",
    "fugiat",
    "cillum",
    "eu proident dolore",
    "magna",
    "consectetur velit ut amet",
    "qui et",
    "quis officia veniam eu",
    "cillum id nulla",
    "non",
    "laboris Excepteur",
    "consequat",
    "cupidatat fugiat dolor",
    "Duis pariatur in qui",
    "Duis cupidatat qui in",
    "aliquip cupidatat",
    "sit in",
    "velit aliquip sint",
    "deserunt",
    "minim",
    "sit minim",
    "dolor qui esse sit nostrud",
    "fugiat cillum",
    "id exercitation",
    "eu quis"
  ],
  "useAsShippingAccount": true,
  "orderDeliveryMethod": [
    "culpa deserunt exercitation",
    "eiusmod cillum commodo Ut",
    "in do nulla quis velit",
    "nisi sed cillum consequat ut",
    "tempor quis ut qui aute",
    "elit aliquip",
    "esse",
    "non in culpa cillum pariatur",
    "ut id",
    "commodo dolore labore aliquip aute",
    "aliquip sit anim consequat ex",
    "sunt qui dolore labore",
    "qui ea nulla Ut",
    "non sint anim sunt",
    "aute anim",
    "tempor reprehenderit voluptate est",
    "non id",
    "exercitation"
  ],
  "sLAType": "id irure incididunt",
  "party": [
    "est in",
    "sed qui",
    "enim",
    "ad ipsum Ut aute laboris",
    "Ut officia aliqua",
    "nisi eu officia magna",
    "occaecat proident quis",
    "nulla magna",
    "sed fugiat in",
    "ipsum Lorem",
    "Excepteur consequat pariatur esse",
    "ipsum dolore minim",
    "nostrud eu ipsum incididunt",
    "Excepteur ut ipsum",
    "Excepteur culpa eiusmod magna dolore",
    "ut officia pariatur ullamco",
    "Ut enim laboris exercitation deserunt",
    "minim commodo est",
    "voluptate sunt exercitation",
    "Lorem",
    "exercitation est consequat et non",
    "do qui",
    "ut aute nulla irure anim",
    "aliquip consectetur occaecat proident aute",
    "ullamco et adipisicing eiusmod",
    "sint ullamco adipisicing culpa",
    "dolore non",
    "ut do",
    "incididunt anim ea eu",
    "nisi irure occaecat",
    "aliqua Duis quis ipsum",
    "aliqua adipisicing elit Duis"
  ],
  "primarySalesContactPoint": [
    "sunt voluptate dolore cillum",
    "ex elit",
    "elit ipsum",
    "exercitation enim Ut",
    "quis",
    "qui",
    "nostrud elit Duis",
    "mollit ex exercitation nulla ut",
    "consequat",
    "ex",
    "sed dolor",
    "qui fugiat nulla",
    "esse fugiat in aute",
    "non cupidatat quis in",
    "eu",
    "enim aliquip sint veniam nisi",
    "pariatur occaecat deserunt do non",
    "culpa sunt",
    "in exercitation proident elit in",
    "do sed amet",
    "enim incididunt",
    "do enim dolor",
    "est enim dolor",
    "in",
    "dolor voluptate labore",
    "aliquip cupidatat",
    "Duis mollit",
    "aliquip",
    "nulla dolor velit in",
    "eiusmod",
    "sed",
    "laboris",
    "ut aliquip Lorem",
    "occaecat",
    "dolore quis id minim irure",
    "ad",
    "eiusmod adipisicing dolor aute in",
    "adipisicing id velit",
    "irure",
    "ullamco ex sit",
    "minim eu",
    "reprehenderit elit officia qui",
    "qui veniam ut dolore ad",
    "in",
    "enim ea irure dolore velit",
    "in",
    "veniam aliqua",
    "Ut",
    "reprehenderit ex cupidatat elit aliquip",
    "incididunt ea",
    "mollit consectetur dolor elit qui",
    "reprehenderit dolore id eiusmod anim",
    "eu",
    "ad id magna ex sint",
    "fugiat dolore commodo dolor id",
    "elit irure",
    "nisi laborum commodo",
    "do Lorem",
    "in et Lorem",
    "magna nisi",
    "officia esse amet cupidatat",
    "nostrud",
    "proident",
    "aliquip occaecat",
    "sed dolor commodo",
    "amet",
    "ad sit minim laboris"
  ],
  "sixtyDayBalanceAmount": -30929208,
  "balanceAmountLimit": 68791774
}
