{
  "name": "commodo consequat",
  "longDescription": "dolore",
  "id": "incididunt",
  "productStatus": "voluptate",
  "description": "esse laborum in",
  "productSKU": "ea deserunt dolor",
  "requiredDepositAmount": -7621329,
  "bundledProductsDecidedAtUse": true,
  "tareWeight": 68304444,
  "requiredDepositPercentage": 83833590,
  "primaryProductCategory": [
    "exercitation ea Lorem adipisicing aute",
    "velit reprehenderit nostrud et sit",
    "adipisicing eiusmod",
    "nisi",
    "voluptate cupidatat dolor aliqua consectetur",
    "magna deserunt",
    "consequat laboris ut",
    "amet pariatur et proident",
    "anim do nulla sit voluptate",
    "ullamco do",
    "veniam sed aliqua nisi tempor",
    "enim qui ullamco commodo voluptate",
    "irure amet Excepteur ipsum",
    "adipisicing non magna irure",
    "tempor aliquip esse officia",
    "aliqua adipisicing",
    "ullamco sit",
    "elit nulla est pariatur Excepteur",
    "culpa",
    "consectetur aliqua occaecat",
    "nostrud anim occaecat laboris adipisicing",
    "sed",
    "magna",
    "aute Lorem qui in nisi",
    "Ut magna deserunt ea"
  ],
  "isWorkerDiscountAllowed": false,
  "isBackOrdered": false,
  "isMultipleCouponsAllowed": false,
  "quantityInstallmentPeriod": "sit culpa elit et nisi",
  "stockLedgerValuationAmount": 99904720,
  "isQuantityEntryRequired": true,
  "maximumOrderQuantityCount": 78982596,
  "standardWarrantyLengthMonth": 45899021,
  "brandGrade": "consectetur Excepteur do tempor",
  "validToDate": "1979-07-20",
  "isIntellectualPropertyProtected": false,
  "externalSourceRecord": "culpa",
  "isQualityVerificationRequired": true,
  "isSellableIndependently": false,
  "type": "aliquip enim nostrud ex",
  "canUseRevenueSchedule": true,
  "quantityUnitOfMeasure": "eu proident consectetur dolor nisi",
  "isDynamicBundle": false,
  "bundledProductsSubstitutional": false,
  "bundledProductsDecidesAvailability": false,
  "bundledProductsSoldTogether": false,
  "glAccountCode": "laboris aute sint",
  "lotIdentifier": "eiusmod"
}
