{
  "paymentStatus": "voluptate esse dolore aute ut",
  "paymentEffectiveDate": "1979-06-26",
  "capturePaymentType": "aute laboris incididunt",
  "id": "ullamco sed",
  "paymentType": "ipsum quis commodo culpa",
  "authorizationProcessingMode": "adipisicing",
  "paymentNumber": "et ullamco in quis",
  "paymentAmount": -74247591,
  "account": [
    "quis consectetur enim ea",
    "officia ipsum dolore cillum",
    "nostrud minim amet Excepteur incididunt",
    "in",
    "nulla",
    "adipisicing dolor in enim veniam",
    "nulla ut",
    "cupidatat",
    "in sunt ut",
    "aliquip aliqua",
    "cupidatat in nostrud commodo",
    "consectetur fugiat ea",
    "qui nulla laborum",
    "voluptate",
    "exercitation dolor nisi sint",
    "ea",
    "amet aliqua",
    "dolore est ad cillum ut",
    "sit",
    "eiusmod voluptate amet ullamco",
    "sint sed",
    "do non laborum Excepteur laboris",
    "ea proident ullamco cillum",
    "dolore sed",
    "irure Duis consectetur anim",
    "consequat incididunt do",
    "velit",
    "nostrud aliqua Ut non",
    "eiusmod elit incididunt sit labore",
    "deserunt consequat",
    "voluptate fugiat amet veniam",
    "culpa",
    "Excepteur ut ex pariatur",
    "voluptate ex",
    "ut esse officia cupidatat sint",
    "est ea velit do",
    "elit",
    "in cupidatat aliqua Ut magna",
    "ad laboris voluptate",
    "eiusmod ut amet ipsum anim",
    "mollit ullamco ut aliqua",
    "occaecat enim sed deserunt consectetur",
    "non aute esse officia",
    "Ut nisi voluptate reprehenderit et",
    "cupidatat fugiat",
    "eu ex ad",
    "pariatur aute",
    "do aute nulla",
    "quis voluptate magna Ut incididunt",
    "magna minim ad",
    "mollit laborum adipisicing Ut nulla",
    "voluptate deserunt velit incididunt",
    "labore ad laboris",
    "ipsum",
    "in do proident cillum",
    "et quis esse",
    "enim pariatur cupidatat culpa reprehenderit",
    "esse pariatur anim id veniam",
    "minim sunt elit amet",
    "pariatur dolor do sit enim",
    "adipisicing ullamco",
    "non sint",
    "id eiusmod dolore",
    "irure dolor",
    "consectetur officia qui",
    "enim id",
    "elit veniam",
    "aute",
    "aliquip",
    "cillum ut veniam",
    "quis proident velit",
    "voluptate dolor dolor ipsum aliqua",
    "aute",
    "ut ad commodo nisi culpa",
    "ut eiusmod",
    "in minim velit",
    "occaecat",
    "labore sit irure et occaecat",
    "consequat nulla occaecat aliquip",
    "dolor",
    "et",
    "occaecat cillum dolore commodo",
    "proident esse",
    "voluptate",
    "incididunt aliqua",
    "fugiat",
    "do Lorem quis nostrud aute",
    "commodo ut et sit",
    "ea pariatur veniam",
    "consectetur eu",
    "fugiat",
    "velit Excepteur",
    "deserunt in cupidatat dolor aliquip",
    "mollit"
  ],
  "paymentGroup": [
    "velit",
    "laborum",
    "adipisicing aliquip in cupidatat",
    "do eiusmod ullamco aliquip id",
    "nisi",
    "velit voluptate aute",
    "esse",
    "cillum laborum incididunt in",
    "sed",
    "magna aliquip officia anim",
    "magna eiusmod",
    "mollit deserunt ut labore nulla",
    "labore"
  ],
  "latestGatewayDate": "2000-01-16",
  "internalBusinessUnit": [
    "elit",
    "voluptate sit nulla dolor",
    "proident",
    "et veniam",
    "eu Lorem dolor dolore",
    "ut Excepteur eu est",
    "ut",
    "ex ea aliqua tempor laboris",
    "cillum",
    "sed officia",
    "ex in",
    "aliqua enim velit",
    "irure",
    "do Excepteur quis consectetur consequat",
    "consectetur minim quis voluptate elit",
    "nulla Ut",
    "mollit enim ea dolor",
    "irure",
    "Ut quis ex Lorem esse",
    "cupidatat",
    "fugiat nisi Lorem cupidatat",
    "magna",
    "irure",
    "esse anim fugiat sunt",
    "elit culpa id"
  ],
  "customerEmailAddress": "exercitation ex voluptate dolor",
  "paymentGateway": [
    "laborum",
    "sint eu voluptate aliqua",
    "ullamco",
    "in esse amet",
    "magna qui ea",
    "eiusmod exercitation sunt labore",
    "mollit Excepteur fugiat sed",
    "dolore",
    "dolore ex in magna",
    "culpa",
    "in dolore id",
    "eiusmod incididunt Lorem adipisicing",
    "fugiat",
    "consectetur qui voluptate",
    "fugiat nulla",
    "labore cupidatat Ut nostrud in",
    "Ut esse deserunt sint",
    "ut aute",
    "ullamco velit et",
    "tempor do",
    "ea aliqua id officia veniam",
    "id in laboris",
    "tempor in reprehenderit esse",
    "labore anim esse dolore",
    "cillum Ut",
    "sit",
    "proident dolor sed deserunt",
    "occaecat",
    "in Ut magna do tempor",
    "nostrud officia laborum",
    "anim esse commodo",
    "ex",
    "fugiat id",
    "labore magna consectetur",
    "quis aute irure",
    "anim reprehenderit magna dolore laboris",
    "occaecat",
    "velit qui Ut dolore exercitation",
    "dolor ad tempor laborum adipisicing",
    "eiusmod",
    "est culpa occaecat cillum ipsum",
    "adipisicing est enim dolore",
    "ea labore",
    "Excepteur eiusmod veniam dolore",
    "Lorem",
    "cillum est ex aute sit",
    "veniam sit laborum consequat ullamco",
    "ipsum occaecat",
    "ullamco exercitation sit consequat officia",
    "in elit Duis proident deserunt",
    "Lorem",
    "Excepteur sint Lorem anim",
    "aliqua consectetur proident in"
  ],
  "latestGatewayReferenceNumber": "cillum dolor",
  "name": "dolor tempor",
  "commentText": "Lorem irure",
  "paymentAuthorization": [
    "Excepteur",
    "consequat dolore voluptate fugiat",
    "dolore voluptate esse sit",
    "et eiusmod",
    "cillum sint",
    "non incididunt id ex sed",
    "velit",
    "adipisicing et in tempor incididunt",
    "adipisicing veniam id",
    "dolore id aliqua pariatur laborum",
    "laboris cupidatat dolor eiusmod",
    "ut",
    "ut laboris incididunt",
    "incididunt officia nulla anim",
    "commodo",
    "eiusmod dolore adipisicing qui elit",
    "et mollit",
    "elit",
    "cupidatat ut aute",
    "ipsum dolore velit",
    "amet",
    "consectetur elit minim qui",
    "tempor",
    "laboris sit velit nulla commodo",
    "velit cupidatat adipisicing cillum",
    "consectetur",
    "elit",
    "ut do occaecat adipisicing",
    "sunt",
    "voluptate laborum ullamco",
    "ea esse sunt",
    "aliquip do",
    "enim cillum",
    "nulla in",
    "occaecat sed cupidatat voluptate in",
    "sunt voluptate ipsum eiusmod Ut",
    "magna eu incididunt labore",
    "dolore non exercitation nulla Duis",
    "deserunt in incididunt dolore",
    "nostrud aute sunt",
    "velit",
    "sit pariatur aliqua",
    "laboris",
    "in sint",
    "aute sit in aliquip sed",
    "officia commodo proident dolore",
    "in",
    "magna Lorem fugiat consectetur",
    "laborum",
    "minim exercitation incididunt",
    "ea cupidatat",
    "in",
    "veniam pariatur sit voluptate dolor",
    "qui",
    "occaecat mollit qui quis",
    "Excepteur id",
    "dolore",
    "qui veniam",
    "dolore incididunt consectetur",
    "incididunt nulla",
    "veniam dolore",
    "consequat culpa ut anim",
    "magna ipsum occaecat anim veniam",
    "pariatur nulla",
    "nostrud aliqua culpa",
    "quis ea",
    "cillum qui do",
    "elit minim dolor",
    "minim in",
    "voluptate Ut exercitation",
    "ex sunt aute qui"
  ],
  "totalUnappliedAmount": -81214231,
  "salesOrderPaymentSummary": [
    "ut ipsum consectetur",
    "mollit in culpa deserunt sint",
    "nisi commodo nostrud Ut",
    "dolor nisi tempor magna",
    "sunt Duis velit ex",
    "non sit esse minim laborum",
    "ipsum Excepteur sit",
    "est reprehenderit dolor",
    "eiusmod",
    "dolor consectetur elit",
    "est irure eiusmod proident exercitation",
    "ut esse",
    "aliqua exercitation Duis Lorem nisi",
    "aliquip mollit ipsum cillum minim",
    "elit aliquip sint",
    "Lorem labore qui",
    "ad occaecat in esse adipisicing",
    "ullamco labore",
    "voluptate cupidatat deserunt",
    "Lorem commodo et labore",
    "in ut veniam",
    "id sit elit nostrud",
    "nostrud in velit anim occaecat",
    "aliquip irure velit magna quis",
    "exercitation ad",
    "qui laboris sed elit",
    "id dolore consectetur fugiat consequat",
    "in",
    "sint velit enim magna sunt",
    "irure ex",
    "deserunt Excepteur est",
    "non sint cupidatat",
    "dolore anim",
    "exercitation ad enim elit",
    "occaecat dolor",
    "nisi",
    "dolore",
    "laborum veniam ad",
    "aliqua cupidatat qui in Lorem",
    "fugiat laborum culpa officia",
    "enim ex minim elit",
    "nulla dolore reprehenderit",
    "sint magna sunt",
    "aute ipsum cupidatat pariatur eiusmod",
    "mollit amet officia est",
    "ex",
    "ad deserunt voluptate",
    "Duis",
    "laborum aute quis",
    "fugiat aliqua Ut in deserunt",
    "ut cupidatat",
    "Lorem aliquip",
    "ipsum occaecat incididunt et eu",
    "laboris et cupidatat nisi",
    "sed elit",
    "elit dolore",
    "ullamco ut do",
    "non enim id",
    "aute est in fugiat",
    "ut",
    "voluptate velit cupidatat",
    "Ut irure",
    "tempor cupidatat dolor",
    "est do anim dolor",
    "aliqua reprehenderit dolor occaecat",
    "non dolore reprehenderit",
    "Ut",
    "sed ad aliquip",
    "velit officia",
    "ad velit laborum nulla voluptate"
  ],
  "iPAddress": "Lorem ipsum aliquip occaecat laborum",
  "handlingFeeAmount": -81043881,
  "externalCreatedDate": "2011-11-21",
  "paymentTreatment": [
    "dolor enim qui minim",
    "ut non laboris magna",
    "ad cillum dolore eiusmod sint",
    "aliqua",
    "adipisicing Ut amet reprehenderit",
    "ut",
    "veniam voluptate est exercitation",
    "nulla dolor ex tempor ad",
    "irure",
    "pariatur non Excepteur in",
    "magna incididunt Lorem ex",
    "Excepteur dolor aliquip nisi ad",
    "aliqua nostrud est Ut eiusmod",
    "laboris aliquip minim Duis",
    "fugiat dolore qui commodo in",
    "sint ut",
    "in esse Duis",
    "eiusmod ullamco Lorem dolore",
    "id",
    "culpa",
    "in reprehenderit irure sunt",
    "enim id in occaecat",
    "consectetur",
    "Duis",
    "fugiat eiusmod est",
    "commodo Lorem elit magna",
    "irure dolor",
    "ea",
    "tempor reprehenderit",
    "labore",
    "Lorem cupidatat do qui",
    "adipisicing",
    "elit ex qui",
    "deserunt nisi",
    "commodo pariatur aliqua amet",
    "labore in veniam",
    "Excepteur aliquip cupidatat",
    "nostrud eiusmod ad",
    "in officia tempor",
    "ut ea",
    "laboris sed consequat amet pariatur",
    "dolor consequat Lorem",
    "nisi dolor dolore sunt culpa",
    "proident dolore elit anim",
    "elit minim dolor",
    "laboris nisi id in sint",
    "tempor",
    "mollit ut pariatur in",
    "officia Duis dolor",
    "culpa cillum",
    "esse",
    "eiusmod est ut dolor nulla",
    "tempor exercitation",
    "non sit esse",
    "veniam ullamco voluptate dolor Ut",
    "sunt in nostrud",
    "dolor pariatur nisi nostrud",
    "nulla ut non",
    "eiusmod Excepteur id ea",
    "veniam aute fugiat ullamco consequat",
    "quis sed dolor sit",
    "tempor ullamco nostrud in aute",
    "Duis incididunt enim",
    "pariatur ad",
    "cupidatat irure eu sed in",
    "et aute",
    "esse velit aliquip laboris",
    "occaecat et labore quis",
    "labore incididunt",
    "eu culpa ipsum irure",
    "ut",
    "est dolor ut nisi",
    "eiusmod irure ut",
    "dolore in aute commodo consectetur",
    "reprehenderit labore id cupidatat sunt"
  ],
  "netAppliedAmount": -22293607,
  "macAddress": "anim fugiat est commodo",
  "latestGatewayResultCode": [
    {
      "id": "velit id",
      "name": "est esse dolor non",
      "description": "do ea laborum"
    },
    {
      "id": "aliqua dolore ea",
      "name": "incididunt",
      "description": "occaecat reprehenderit est consequat"
    },
    {
      "id": "sunt consectetur in enim",
      "name": "adipisicing ipsum culpa",
      "description": "consectetur"
    },
    {
      "id": "esse incididunt dolor dolore sit",
      "name": "anim est",
      "description": "sunt veniam ex dolor cillum"
    },
    {
      "id": "labore laboris Lorem",
      "name": "anim sint ipsum proident pariatur",
      "description": "sint"
    },
    {
      "id": "in Lorem incididunt voluptate",
      "name": "dolor proident in qui",
      "description": "veniam"
    },
    {
      "id": "ut Lorem",
      "name": "ipsum minim",
      "description": "Lorem esse est"
    },
    {
      "id": "pariatur",
      "name": "culpa proident eu",
      "description": "commodo cupidatat"
    },
    {
      "id": "sint nulla",
      "name": "ut occaecat magna reprehenderit voluptate",
      "description": "proident officia sit"
    },
    {
      "id": "ea in",
      "name": "officia ut elit sit",
      "description": "ea Duis"
    },
    {
      "id": "in do et",
      "name": "dolore mollit consequat labore id",
      "description": "occaecat ex in"
    },
    {
      "id": "consequat",
      "name": "occaecat",
      "description": "consequat dolor pariatur quis"
    },
    {
      "id": "deserunt ullamco",
      "name": "ut irure",
      "description": "consectetur do proident reprehenderit"
    },
    {
      "id": "quis reprehenderit",
      "name": "deserunt amet fugiat esse culpa",
      "description": "non culpa adipisicing cillum"
    },
    {
      "id": "velit",
      "name": "amet",
      "description": "dolor esse sit enim nulla"
    },
    {
      "id": "qui nostrud consectetur",
      "name": "culpa adipisicing mollit aliquip",
      "description": "in sit Lorem proident fugiat"
    },
    {
      "id": "enim irure qui consequat",
      "name": "do laboris labore cupidatat",
      "description": "dolore nisi"
    },
    {
      "id": "nisi sit",
      "name": "in sunt est",
      "description": "aliquip"
    },
    {
      "id": "sint",
      "name": "nostrud fugiat consectetur culpa ut",
      "description": "fugiat cillum ipsum enim anim"
    },
    {
      "id": "qui",
      "name": "sit commodo",
      "description": "culpa qui et"
    },
    {
      "id": "labore deserunt nisi",
      "name": "ullamco sint",
      "description": "voluptate"
    },
    {
      "id": "aute esse",
      "name": "eiusmod",
      "description": "occaecat ullamco consectetur veniam ut"
    },
    {
      "id": "id",
      "name": "esse aliqua dolore Excepteur sed",
      "description": "ut dolore consequat"
    },
    {
      "id": "reprehenderit irure Ut Lorem laborum",
      "name": "cillum exercitation officia",
      "description": "quis commodo officia ut"
    },
    {
      "id": "exercitation proident culpa labore tempor",
      "name": "ullamco cupidatat commodo",
      "description": "Duis amet"
    },
    {
      "id": "aliquip Duis et dolore",
      "name": "est consequat laboris",
      "description": "in qui occaecat dolor ea"
    },
    {
      "id": "nostrud in",
      "name": "consequat et",
      "description": "ut mollit ipsum do Excepteur"
    },
    {
      "id": "anim veniam nulla labore sit",
      "name": "sint aliquip",
      "description": "fugiat velit id"
    },
    {
      "id": "in",
      "name": "ut",
      "description": "cillum ipsum Excepteur dolore"
    },
    {
      "id": "consequat",
      "name": "in aute Lorem et laborum",
      "description": "Ut voluptate"
    },
    {
      "id": "est esse laboris",
      "name": "Excepteur ut exercitation est",
      "description": "commodo ut Duis voluptate fugiat"
    },
    {
      "id": "consectetur Excepteur cillum aliquip esse",
      "name": "deserunt sed id ad",
      "description": "in eu esse velit cupidatat"
    },
    {
      "id": "qui est occaecat sit ipsum",
      "name": "nostrud voluptate",
      "description": "amet eu culpa quis"
    },
    {
      "id": "commodo velit",
      "name": "enim dolore",
      "description": "Duis ad ut"
    },
    {
      "id": "sit consectetur proident",
      "name": "dolor ex commodo non",
      "description": "aute commodo fugiat dolore"
    },
    {
      "id": "qui deserunt",
      "name": "proident id sit qui aliqua",
      "description": "non est"
    },
    {
      "id": "sunt mollit quis dolore commodo",
      "name": "in Ut enim",
      "description": "enim irure ut"
    },
    {
      "id": "ipsum exercitation minim aute",
      "name": "sed",
      "description": "tempor dolor labore"
    },
    {
      "id": "ut ullamco",
      "name": "cupidatat",
      "description": "adipisicing Lorem"
    },
    {
      "id": "et",
      "name": "minim",
      "description": "velit mollit non fugiat incididunt"
    },
    {
      "id": "non",
      "name": "consequat eu",
      "description": "amet eu Ut irure"
    },
    {
      "id": "id est",
      "name": "ut labore dolor ad",
      "description": "minim ipsum magna"
    },
    {
      "id": "incididunt ut sunt",
      "name": "exercitation ut",
      "description": "est Excepteur cillum Ut incididunt"
    },
    {
      "id": "laborum consectetur ut in",
      "name": "mollit reprehenderit ea id enim",
      "description": "in ullamco occaecat non"
    },
    {
      "id": "dolore",
      "name": "officia dolor",
      "description": "sint incididunt consectetur elit enim"
    },
    {
      "id": "laboris aute cupidatat ea in",
      "name": "adipisicing labore ut laboris cupidatat",
      "description": "deserunt occaecat proident tempor in"
    },
    {
      "id": "et nulla ipsum pariatur",
      "name": "elit mollit",
      "description": "incididunt ut non eu"
    },
    {
      "id": "adipisicing",
      "name": "in",
      "description": "dolore in commodo"
    },
    {
      "id": "exercitation consectetur",
      "name": "anim Ut veniam dolor",
      "description": "tempor magna commodo veniam"
    },
    {
      "id": "et",
      "name": "ipsum est ullamco proident ut",
      "description": "officia ut proident elit sed"
    },
    {
      "id": "sit in incididunt dolor sint",
      "name": "elit non ipsum est",
      "description": "ut in Excepteur officia"
    },
    {
      "id": "in",
      "name": "dolore",
      "description": "velit"
    },
    {
      "id": "nulla enim",
      "name": "consequat non nostrud dolore dolore",
      "description": "nostrud"
    },
    {
      "id": "exercitation do nisi",
      "name": "deserunt",
      "description": "non"
    },
    {
      "id": "sint anim aliquip officia",
      "name": "exercitation aute consequat",
      "description": "consequat Ut"
    },
    {
      "id": "incididunt quis sit",
      "name": "Lorem",
      "description": "nulla Excepteur veniam do"
    },
    {
      "id": "consequat in in",
      "name": "incididunt consectetur eu",
      "description": "in dolor dolore sed"
    },
    {
      "id": "nisi ipsum incididunt eiusmod esse",
      "name": "proident Lorem eiusmod qui nulla",
      "description": "tempor sint dolore ut id"
    },
    {
      "id": "nostrud",
      "name": "mollit",
      "description": "anim mollit ullamco"
    },
    {
      "id": "labore nostrud",
      "name": "non eiusmod sit",
      "description": "esse"
    },
    {
      "id": "voluptate",
      "name": "est deserunt Ut do",
      "description": "laboris labore exercitation"
    },
    {
      "id": "aliqua",
      "name": "proident Lorem dolor veniam nulla",
      "description": "do labore elit"
    },
    {
      "id": "commodo pariatur",
      "name": "irure eu",
      "description": "voluptate magna"
    },
    {
      "id": "mollit magna",
      "name": "Lorem est tempor dolore sit",
      "description": "voluptate consectetur ut do"
    },
    {
      "id": "sit",
      "name": "ad non veniam fugiat",
      "description": "sit enim qui"
    },
    {
      "id": "mollit eiusmod aliquip",
      "name": "elit consectetur",
      "description": "do aliquip fugiat pariatur irure"
    },
    {
      "id": "est",
      "name": "consequat ut occaecat Duis",
      "description": "id velit exercitation"
    },
    {
      "id": "in officia sunt eiusmod",
      "name": "ex",
      "description": "ipsum ea"
    },
    {
      "id": "minim exercitation",
      "name": "et in incididunt Lorem pariatur",
      "description": "sint culpa"
    },
    {
      "id": "nisi commodo",
      "name": "et ea amet",
      "description": "veniam sed ex irure"
    },
    {
      "id": "esse sit aliqua qui",
      "name": "Excepteur aute ipsum magna",
      "description": "nulla"
    },
    {
      "id": "Lorem quis",
      "name": "anim aute",
      "description": "voluptate ut est laboris"
    },
    {
      "id": "deserunt sed ea",
      "name": "Excepteur ut",
      "description": "ullamco qui Excepteur sint"
    },
    {
      "id": "aliqua sint deserunt occaecat proident",
      "name": "sunt dolor consequat dolore",
      "description": "laborum proident ad exercitation"
    },
    {
      "id": "quis aliquip Excepteur",
      "name": "fugiat",
      "description": "in velit sint"
    },
    {
      "id": "nostrud aliqua in quis",
      "name": "Lorem veniam laboris ipsum sed",
      "description": "sunt aliqua eiusmod aliquip dolore"
    },
    {
      "id": "sint eu dolor Lorem in",
      "name": "ad anim laborum occaecat",
      "description": "aliquip"
    },
    {
      "id": "mollit amet incididunt consequat dolore",
      "name": "magna irure sunt in labore",
      "description": "sed est ullamco dolor"
    },
    {
      "id": "nulla ea et fugiat do",
      "name": "culpa",
      "description": "quis id aute non ut"
    },
    {
      "id": "ad",
      "name": "laborum quis",
      "description": "pariatur"
    },
    {
      "id": "aute",
      "name": "ullamco voluptate sed",
      "description": "ad Excepteur laborum"
    },
    {
      "id": "in",
      "name": "enim pariatur minim aute id",
      "description": "pariatur cupidatat aliquip veniam Lorem"
    },
    {
      "id": "qui aliqua enim",
      "name": "sed dolor magna Lorem",
      "description": "voluptate"
    },
    {
      "id": "consequat irure",
      "name": "exercitation non",
      "description": "adipisicing nostrud"
    },
    {
      "id": "Lorem",
      "name": "quis",
      "description": "eiusmod culpa est deserunt enim"
    },
    {
      "id": "sint",
      "name": "sed qui",
      "description": "exercitation in mollit"
    },
    {
      "id": "velit",
      "name": "voluptate quis Excepteur adipisicing",
      "description": "labore adipisicing in voluptate"
    },
    {
      "id": "consectetur",
      "name": "cupidatat dolor sit",
      "description": "consequat elit occaecat"
    },
    {
      "id": "in dolore id amet exercitation",
      "name": "sint",
      "description": "ut"
    }
  ],
  "isFinalCapture": true,
  "customerPhoneNumber": "pariatur irure",
  "latestGatewayInternalResult": "enim elit culpa",
  "latestGatewayInternalReferenceNumber": "proident dolore sint aliquip",
  "totalAppliedAmount": -75169606,
  "latestPaymentGatewayMessageText": "laborum enim culpa labore",
  "balanceAmount": 13162928,
  "paymentMethod": [
    "dolor aliquip",
    "labore",
    "ullamco deserunt officia mollit",
    "reprehenderit nulla esse",
    "fugiat do nostrud eiusmod",
    "voluptate est ut quis eiusmod",
    "amet dolor adipisicing ut",
    "ut cupidatat qui",
    "ea dolore in"
  ],
  "paymentCancellationDate": "2006-08-05"
}
