{
  "contactPointType": [
    {
      "id": "anim esse id exercitation",
      "name": "pariatur Excepteur irure ea",
      "optInPriority": -10291271
    },
    {
      "id": "aute aliqua deserunt",
      "name": "aliquip eu",
      "optInPriority": -47336953
    },
    {
      "id": "officia aliqua",
      "name": "anim sit",
      "optInPriority": 52334216
    },
    {
      "id": "minim laboris",
      "name": "dolore Ut eiusmod laboris consequat",
      "optInPriority": -80189351
    },
    {
      "id": "in officia elit exercitation",
      "name": "dolor culpa Lorem"
    },
    {
      "id": "consequat occaecat ullamco magna",
      "name": "reprehenderit est"
    },
    {
      "id": "anim eu magna",
      "name": "ex quis irure consectetur nostrud"
    },
    {
      "id": "veniam Excepteur cillum Duis ipsum",
      "name": "est nostrud adipisicing",
      "optInPriority": -22735209
    },
    {
      "id": "in proident eiusmod",
      "name": "pariatur quis esse commodo",
      "optInPriority": -63611099
    },
    {
      "id": "dolore magna occaecat est",
      "name": "magna commodo adipisicing"
    },
    {
      "id": "eu do fugiat cupidatat pariatur",
      "name": "incididunt anim Ut adipisicing"
    },
    {
      "id": "dolore adipisicing aute Ut cillum",
      "name": "proident amet laboris"
    },
    {
      "id": "magna sint non nostrud dolore",
      "name": "laborum"
    },
    {
      "id": "sint minim nisi dolore",
      "name": "cupidatat ad"
    },
    {
      "id": "amet",
      "name": "dolor nostrud laboris",
      "optInPriority": -41833980
    },
    {
      "id": "ipsum ullamco fugiat",
      "name": "dolor laboris",
      "optInPriority": -50639310
    },
    {
      "id": "culpa",
      "name": "aute sit eu",
      "optInPriority": -66821732
    },
    {
      "id": "officia",
      "name": "sit adipisicing anim"
    },
    {
      "id": "culpa in anim occaecat qui",
      "name": "dolore"
    },
    {
      "id": "ut Duis velit",
      "name": "aliquip"
    },
    {
      "id": "sint ad ea aute",
      "name": "laboris sunt mollit in et"
    },
    {
      "id": "sunt cupidatat aute aliqua",
      "name": "velit tempor nostrud ea",
      "optInPriority": -56236519
    },
    {
      "id": "nulla aliquip",
      "name": "cupidatat",
      "optInPriority": 9584135
    },
    {
      "id": "Lorem eu",
      "name": "anim laboris",
      "optInPriority": 77715960
    },
    {
      "id": "in mollit nulla amet id",
      "name": "reprehenderit enim",
      "optInPriority": -86385693
    },
    {
      "id": "officia amet pariatur",
      "name": "nulla eu reprehenderit in"
    },
    {
      "id": "ea commodo labore",
      "name": "commodo",
      "optInPriority": -83400339
    },
    {
      "id": "laboris exercitation sint amet qui",
      "name": "sint nulla veniam velit dolore"
    },
    {
      "id": "non officia elit",
      "name": "Duis qui amet",
      "optInPriority": 51953868
    },
    {
      "id": "tempor laborum",
      "name": "dolor pariatur"
    },
    {
      "id": "consectetur dolore",
      "name": "reprehenderit amet dolore",
      "optInPriority": -20246870
    },
    {
      "id": "sed ipsum quis",
      "name": "ad"
    },
    {
      "id": "in et fugiat enim",
      "name": "ut sunt"
    },
    {
      "id": "ullamco voluptate quis",
      "name": "nisi consectetur reprehenderit",
      "optInPriority": 73226703
    },
    {
      "id": "ipsum laboris in sunt",
      "name": "mollit veniam consequat"
    },
    {
      "id": "veniam adipisicing",
      "name": "voluptate proident dolor Excepteur dolor"
    },
    {
      "id": "do",
      "name": "dolor",
      "optInPriority": -99797748
    },
    {
      "id": "commodo labore laborum",
      "name": "esse voluptate sint veniam dolore"
    },
    {
      "id": "magna laborum anim sit pariatur",
      "name": "pariatur reprehenderit elit est"
    },
    {
      "id": "amet elit ea eiusmod",
      "name": "qui culpa deserunt labore"
    },
    {
      "id": "do",
      "name": "pariatur aliqua sunt veniam",
      "optInPriority": -84492588
    },
    {
      "id": "ipsum consectetur",
      "name": "id eiusmod ad",
      "optInPriority": 42738528
    },
    {
      "id": "exercitation fugiat consequat officia ut",
      "name": "eu pariatur in"
    },
    {
      "id": "Duis mollit elit",
      "name": "tempor sed dolor Excepteur nostrud"
    },
    {
      "id": "ea sit proident elit",
      "name": "dolor aliquip adipisicing consequat proident"
    },
    {
      "id": "adipisicing sint elit anim",
      "name": "ut sed amet"
    },
    {
      "id": "occaecat aute velit est consectetur",
      "name": "sunt sint proident magna cupidatat"
    },
    {
      "id": "magna ullamco qui dolor",
      "name": "qui",
      "optInPriority": 43410553
    },
    {
      "id": "nulla mollit amet occaecat sint",
      "name": "eiusmod"
    },
    {
      "id": "ad",
      "name": "minim mollit tempor labore ipsum",
      "optInPriority": 58062105
    },
    {
      "id": "Ut voluptate",
      "name": "qui est"
    },
    {
      "id": "culpa pariatur nulla dolore ea",
      "name": "mollit reprehenderit ut",
      "optInPriority": 40163932
    },
    {
      "id": "cillum aute deserunt dolore",
      "name": "irure ullamco aliquip et qui",
      "optInPriority": 45653111
    },
    {
      "id": "cupidatat",
      "name": "culpa nisi ut"
    },
    {
      "id": "sed Ut Excepteur",
      "name": "sint quis non"
    },
    {
      "id": "eiusmod laborum",
      "name": "magna consequat"
    },
    {
      "id": "commodo culpa deserunt mollit velit",
      "name": "in incididunt irure",
      "optInPriority": 65219662
    },
    {
      "id": "sunt pariatur",
      "name": "ad cillum est",
      "optInPriority": 56031220
    },
    {
      "id": "ut eiusmod ut veniam proident",
      "name": "sint"
    },
    {
      "id": "amet",
      "name": "nisi cupidatat consequat mollit",
      "optInPriority": 10129150
    },
    {
      "id": "esse consectetur sed",
      "name": "eu ipsum minim commodo",
      "optInPriority": 48922844
    },
    {
      "id": "anim ex dolor eu veniam",
      "name": "Ut cupidatat consequat"
    },
    {
      "id": "consequat Lorem reprehenderit ipsum commodo",
      "name": "quis tempor id laborum ullamco"
    },
    {
      "id": "ullamco laborum culpa",
      "name": "aliquip",
      "optInPriority": 60789171
    },
    {
      "id": "veniam deserunt in culpa sed",
      "name": "officia"
    },
    {
      "id": "voluptate Lorem",
      "name": "sunt exercitation tempor cupidatat ut",
      "optInPriority": -86332465
    },
    {
      "id": "sint dolor",
      "name": "Duis reprehenderit velit proident",
      "optInPriority": -29144839
    },
    {
      "id": "id culpa",
      "name": "consequat aliquip magna"
    },
    {
      "id": "voluptate Excepteur",
      "name": "proident eiusmod et",
      "optInPriority": 76596467
    },
    {
      "id": "mollit est",
      "name": "irure est sit",
      "optInPriority": -97921327
    },
    {
      "id": "laboris",
      "name": "in"
    },
    {
      "id": "quis",
      "name": "magna dolor",
      "optInPriority": -21298551
    },
    {
      "id": "Ut aliquip",
      "name": "ut ipsum cillum"
    },
    {
      "id": "nisi esse ea",
      "name": "et laboris proident"
    },
    {
      "id": "elit amet",
      "name": "Duis et incididunt"
    },
    {
      "id": "voluptate",
      "name": "aliqua Duis consequat in",
      "optInPriority": 12319307
    },
    {
      "id": "ut dolore",
      "name": "enim aliqua adipisicing incididunt",
      "optInPriority": 12431728
    },
    {
      "id": "laboris",
      "name": "laboris tempor",
      "optInPriority": -32958652
    },
    {
      "id": "ut",
      "name": "labore in"
    },
    {
      "id": "elit dolore",
      "name": "culpa"
    },
    {
      "id": "est elit irure",
      "name": "non commodo voluptate elit"
    },
    {
      "id": "in",
      "name": "est veniam sunt Ut eiusmod"
    },
    {
      "id": "laboris cupidatat",
      "name": "velit aliquip in"
    },
    {
      "id": "sed",
      "name": "officia cillum",
      "optInPriority": 3753447
    },
    {
      "id": "tempor",
      "name": "voluptate est irure reprehenderit do",
      "optInPriority": -76414009
    },
    {
      "id": "sint",
      "name": "enim nulla voluptate",
      "optInPriority": 58227900
    },
    {
      "id": "voluptate Lorem deserunt",
      "name": "exercitation est Ut ut"
    },
    {
      "id": "elit consequat",
      "name": "eu ut aliquip ea",
      "optInPriority": -82337760
    }
  ],
  "id": "mollit id",
  "activeFromDate": "1948-03-03"
}
