{
  "socialHandle": "laboris veniam",
  "socialNetworkProvider": "adipisicing ad",
  "contactPointType": [
    {
      "id": "do consequat tempor ea et",
      "name": "nostrud eiusmod veniam"
    },
    {
      "id": "aliquip do Ut velit",
      "name": "aliqua Lorem nostrud nulla Excepteur"
    },
    {
      "id": "veniam sit aliquip mollit",
      "name": "ipsum nulla est exercitation in",
      "optInPriority": -77127749
    },
    {
      "id": "quis mollit reprehenderit eiusmod exercitation",
      "name": "in sint"
    },
    {
      "id": "quis",
      "name": "qui proident aliqua aliquip aute",
      "optInPriority": -93425411
    },
    {
      "id": "in id minim consequat",
      "name": "id ex consequat amet"
    },
    {
      "id": "commodo esse ipsum do consequat",
      "name": "esse amet",
      "optInPriority": 56389310
    },
    {
      "id": "aute",
      "name": "consequat ut in id deserunt",
      "optInPriority": 64858838
    },
    {
      "id": "do quis voluptate sed",
      "name": "reprehenderit nisi enim Ut magna",
      "optInPriority": 93846323
    },
    {
      "id": "eiusmod consequat anim",
      "name": "non"
    },
    {
      "id": "pariatur labore mollit dolore qui",
      "name": "est aliqua magna dolore",
      "optInPriority": -75876750
    },
    {
      "id": "eu",
      "name": "amet"
    },
    {
      "id": "nostrud dolore aliquip",
      "name": "pariatur ea qui cupidatat"
    },
    {
      "id": "fugiat dolore dolore sint",
      "name": "consectetur exercitation sunt et"
    },
    {
      "id": "quis",
      "name": "cillum ullamco dolor tempor",
      "optInPriority": 86783100
    },
    {
      "id": "incididunt Duis",
      "name": "fugiat minim anim"
    },
    {
      "id": "dolor ea ex",
      "name": "dolor do esse",
      "optInPriority": 55456957
    },
    {
      "id": "in incididunt consectetur nostrud eu",
      "name": "nostrud ad laboris in sit"
    },
    {
      "id": "sit incididunt magna dolore",
      "name": "in fugiat ullamco"
    },
    {
      "id": "ut",
      "name": "do mollit aute sit",
      "optInPriority": 340789
    },
    {
      "id": "tempor qui nisi officia",
      "name": "incididunt veniam ea sint",
      "optInPriority": -34606495
    },
    {
      "id": "elit cupidatat",
      "name": "anim ea ut voluptate"
    },
    {
      "id": "id velit consectetur incididunt in",
      "name": "consequat amet sunt"
    },
    {
      "id": "est",
      "name": "ex mollit ea sit anim"
    },
    {
      "id": "Excepteur",
      "name": "id culpa sit non",
      "optInPriority": -40475141
    },
    {
      "id": "qui anim",
      "name": "reprehenderit non Excepteur",
      "optInPriority": -8946374
    },
    {
      "id": "laborum adipisicing eu sit culpa",
      "name": "et",
      "optInPriority": -54870286
    },
    {
      "id": "anim veniam aliquip laborum",
      "name": "adipisicing aute in qui"
    },
    {
      "id": "sunt laborum Ut sit",
      "name": "irure veniam fugiat",
      "optInPriority": -86836506
    },
    {
      "id": "Duis consectetur nostrud fugiat dolore",
      "name": "Duis sunt velit ullamco"
    },
    {
      "id": "officia ad dolore proident non",
      "name": "incididunt magna eiusmod qui",
      "optInPriority": 45710150
    },
    {
      "id": "incididunt nisi commodo",
      "name": "sed culpa laborum consequat",
      "optInPriority": 40124182
    },
    {
      "id": "aliquip",
      "name": "deserunt"
    },
    {
      "id": "est culpa aute exercitation consequat",
      "name": "elit",
      "optInPriority": -64240147
    },
    {
      "id": "amet Duis",
      "name": "dolore dolore nulla"
    },
    {
      "id": "magna ipsum",
      "name": "id laborum"
    },
    {
      "id": "adipisicing est eiusmod",
      "name": "nisi ad magna elit aliqua",
      "optInPriority": 421789
    },
    {
      "id": "non mollit minim dolore nisi",
      "name": "in cillum laboris dolore ea"
    },
    {
      "id": "elit",
      "name": "esse Excepteur cupidatat",
      "optInPriority": 96361831
    },
    {
      "id": "nulla minim sint aliqua laborum",
      "name": "qui id ad aliqua ipsum",
      "optInPriority": 41939264
    },
    {
      "id": "labore adipisicing in dolore",
      "name": "minim laboris pariatur sed",
      "optInPriority": -83127360
    },
    {
      "id": "ullamco ut et in",
      "name": "laboris dolore Lorem",
      "optInPriority": 48488941
    },
    {
      "id": "quis Ut id dolor",
      "name": "deserunt sed reprehenderit sint qui"
    },
    {
      "id": "dolore",
      "name": "voluptate"
    },
    {
      "id": "amet incididunt id commodo anim",
      "name": "proident",
      "optInPriority": 55482528
    },
    {
      "id": "ex eu proident",
      "name": "voluptate laborum sed"
    },
    {
      "id": "irure eiusmod nulla",
      "name": "do dolor",
      "optInPriority": -69290045
    },
    {
      "id": "sint consequat non in tempor",
      "name": "velit eiusmod consequat Excepteur occaecat",
      "optInPriority": -41417857
    },
    {
      "id": "magna aliqua irure incididunt",
      "name": "Ut irure incididunt ipsum"
    },
    {
      "id": "nisi",
      "name": "ipsum nisi",
      "optInPriority": -72818075
    },
    {
      "id": "nostrud mollit eu",
      "name": "in"
    },
    {
      "id": "consectetur voluptate deserunt irure dolore",
      "name": "dolor",
      "optInPriority": -12921964
    },
    {
      "id": "Duis eu exercitation qui",
      "name": "in eu mollit sit quis",
      "optInPriority": -13918735
    },
    {
      "id": "sit anim",
      "name": "sed voluptate velit pariatur",
      "optInPriority": 16318735
    },
    {
      "id": "mollit laborum",
      "name": "in",
      "optInPriority": 65039261
    },
    {
      "id": "anim ullamco",
      "name": "dolore dolore Ut"
    },
    {
      "id": "nulla tempor quis ex",
      "name": "ut"
    },
    {
      "id": "ut veniam eu voluptate labore",
      "name": "deserunt",
      "optInPriority": 35444736
    },
    {
      "id": "laborum eu esse",
      "name": "esse"
    },
    {
      "id": "esse ea dolor",
      "name": "sed id minim veniam eiusmod",
      "optInPriority": 39621439
    },
    {
      "id": "laboris Excepteur dolor",
      "name": "veniam"
    },
    {
      "id": "Duis ipsum et est non",
      "name": "aliquip proident esse ea ad",
      "optInPriority": -44340123
    },
    {
      "id": "enim occaecat",
      "name": "deserunt"
    },
    {
      "id": "occaecat nulla cupidatat",
      "name": "sit"
    },
    {
      "id": "irure",
      "name": "quis dolore mollit"
    },
    {
      "id": "non ad",
      "name": "laboris"
    },
    {
      "id": "qui voluptate",
      "name": "dolor",
      "optInPriority": 50781376
    },
    {
      "id": "eiusmod Ut incididunt nisi consequat",
      "name": "ullamco minim ut consectetur"
    },
    {
      "id": "tempor Duis mollit",
      "name": "Ut"
    },
    {
      "id": "labore sunt veniam",
      "name": "eiusmod",
      "optInPriority": -43658600
    },
    {
      "id": "nulla tempor proident dolor ut",
      "name": "esse",
      "optInPriority": 58247625
    },
    {
      "id": "id consequat",
      "name": "ea dolor sit"
    },
    {
      "id": "dolore",
      "name": "Ut cillum officia"
    },
    {
      "id": "do id",
      "name": "dolore officia Lorem quis",
      "optInPriority": 28541423
    },
    {
      "id": "cupidatat consequat voluptate id esse",
      "name": "aliquip sit aute sunt sed"
    },
    {
      "id": "amet Lorem",
      "name": "in Excepteur"
    },
    {
      "id": "minim ad enim",
      "name": "cupidatat consectetur Duis"
    },
    {
      "id": "dolor velit",
      "name": "veniam officia in ipsum",
      "optInPriority": -50627060
    },
    {
      "id": "reprehenderit occaecat commodo",
      "name": "pariatur eu exercitation",
      "optInPriority": -72837509
    },
    {
      "id": "et qui",
      "name": "in magna dolore",
      "optInPriority": 55648068
    },
    {
      "id": "ex ut consectetur",
      "name": "exercitation Duis minim aliquip"
    },
    {
      "id": "Ut anim nulla proident",
      "name": "nisi"
    },
    {
      "id": "magna dolore",
      "name": "elit commodo dolor"
    },
    {
      "id": "laboris Lorem mollit",
      "name": "laborum",
      "optInPriority": -37197093
    },
    {
      "id": "irure eu",
      "name": "mollit"
    }
  ],
  "id": "in anim consectetur qui",
  "activeFromDate": "1951-03-02",
  "profileOccurrenceCount": 37081403,
  "forPersonalUse": true,
  "forBusinessUse": false
}
