{
  "name": "tempor est in",
  "longDescription": "id Ut anim",
  "id": "ipsum aute sed qui",
  "productStatus": "sed",
  "description": "ex Ut dolore irure",
  "productSKU": "Duis reprehenderit tempor mollit",
  "isWorkerDiscountAllowed": true,
  "minimumAdvertisementAmountStartDate": 97958716,
  "versionNumber": "irure nulla officia ut",
  "canUseQuantitySchedule": false,
  "requiredTemperatureLowestNumber": -31074582,
  "brandGrade": "do",
  "productMayExpand": true,
  "quantityInstallmentPeriod": "cupidatat dolor ad",
  "isSellableIndependently": false,
  "isMadeToOrder": false,
  "revenueInstallmentCount": -78993625,
  "modelNumber": "sint Lorem sit eu dolor",
  "minimumAdvertisementAmount": 34068269,
  "isQualityVerificationRequired": true,
  "drainedWeight": 96806985,
  "requiredDepositAmount": 46092658,
  "requiresInvididualUnitPricing": false,
  "season": "commodo",
  "isIntellectualPropertyProtected": false,
  "lotIdentifier": "laborum",
  "isPartnerDiscountAllowed": true
}
