{
  "authorizationReversalAmount": -24054298,
  "paymentGatewayDate": "00:01:01",
  "paymentGatewayReferenceNumber": "pariatur aliqua Duis enim",
  "id": "in",
  "paymentAuthorizationProcessingMode": "in nulla sint esse adipisicing",
  "paymentGatewayResult": [
    {
      "id": "magna velit quis est officia",
      "name": "consectetur elit",
      "description": "occaecat Duis labore magna anim"
    },
    {
      "id": "sit",
      "name": "do ut tempor ex",
      "description": "Ut elit aliquip incididunt sunt"
    },
    {
      "id": "aliquip eiusmod culpa",
      "name": "tempor",
      "description": "et sunt est fugiat nulla"
    },
    {
      "id": "nulla anim commodo",
      "name": "qui aute elit incididunt",
      "description": "cillum elit dolore sint"
    },
    {
      "id": "laborum dolore",
      "name": "labore laboris anim",
      "description": "ad tempor dolore non id"
    },
    {
      "id": "consequat irure cillum ea anim",
      "name": "culpa nulla pariatur",
      "description": "voluptate nulla"
    },
    {
      "id": "dolor amet ut",
      "name": "sit ipsum in",
      "description": "voluptate Lorem nostrud sit nulla"
    },
    {
      "id": "laboris proident",
      "name": "quis anim sit sint Excepteur",
      "description": "ipsum sint consectetur magna consequat"
    },
    {
      "id": "quis in veniam Ut aute",
      "name": "qui culpa sint dolore",
      "description": "Ut magna ipsum"
    },
    {
      "id": "veniam anim dolor occaecat",
      "name": "aliqua",
      "description": "sed sint adipisicing aliquip ut"
    },
    {
      "id": "magna ut labore",
      "name": "est",
      "description": "commodo proident exercitation dolor fugiat"
    },
    {
      "id": "ullamco adipisicing officia",
      "name": "adipisicing",
      "description": "adipisicing ut"
    },
    {
      "id": "ut eiusmod est quis incididunt",
      "name": "Lorem pariatur eu ut",
      "description": "exercitation adipisicing mollit"
    },
    {
      "id": "in sunt",
      "name": "et Ut",
      "description": "non incididunt exercitation magna adipisicing"
    },
    {
      "id": "ullamco dolore",
      "name": "aute tempor dolor",
      "description": "est pariatur"
    },
    {
      "id": "in cupidatat amet esse aute",
      "name": "aliqua ipsum voluptate pariatur quis",
      "description": "officia cillum"
    },
    {
      "id": "nisi nulla id",
      "name": "laborum minim",
      "description": "sint aute"
    },
    {
      "id": "qui ipsum aliquip ut ullamco",
      "name": "dolor aliqua incididunt commodo",
      "description": "mollit"
    },
    {
      "id": "ex non cupidatat reprehenderit incididunt",
      "name": "ea ut cupidatat",
      "description": "consectetur dolor"
    },
    {
      "id": "ad reprehenderit nostrud",
      "name": "velit",
      "description": "nisi est"
    },
    {
      "id": "in",
      "name": "aliqua officia",
      "description": "Duis mollit commodo"
    },
    {
      "id": "fugiat in",
      "name": "officia irure dolor ullamco magna",
      "description": "in"
    },
    {
      "id": "quis eu aliqua aute",
      "name": "id voluptate sint",
      "description": "quis non cillum sint"
    },
    {
      "id": "Duis velit pariatur in",
      "name": "id reprehenderit dolor ullamco",
      "description": "do Excepteur ipsum"
    },
    {
      "id": "qui reprehenderit enim",
      "name": "do sed",
      "description": "quis"
    },
    {
      "id": "esse",
      "name": "labore dolore amet dolore",
      "description": "sint voluptate adipisicing"
    },
    {
      "id": "id dolore",
      "name": "occaecat Lorem adipisicing",
      "description": "ea sint reprehenderit"
    },
    {
      "id": "deserunt tempor",
      "name": "aliqua aliquip quis",
      "description": "mollit ad magna"
    },
    {
      "id": "in sit Ut proident eiusmod",
      "name": "dolor irure nostrud esse aliquip",
      "description": "dolor Excepteur laboris in"
    },
    {
      "id": "nostrud",
      "name": "laborum",
      "description": "ut commodo"
    },
    {
      "id": "dolor",
      "name": "sit nostrud ad",
      "description": "quis ea nostrud"
    },
    {
      "id": "cillum reprehenderit enim",
      "name": "ipsum consectetur qui esse",
      "description": "proident esse minim aute voluptate"
    },
    {
      "id": "id nostrud aliquip amet",
      "name": "incididunt",
      "description": "culpa magna"
    },
    {
      "id": "minim aliqua incididunt quis ad",
      "name": "fugiat dolor ut commodo",
      "description": "velit anim deserunt ut nostrud"
    },
    {
      "id": "dolore id labore aute commodo",
      "name": "cupidatat Ut esse ex",
      "description": "sint occaecat"
    },
    {
      "id": "dolor qui incididunt reprehenderit veniam",
      "name": "Duis ex",
      "description": "aliquip in dolor"
    },
    {
      "id": "minim adipisicing nisi",
      "name": "aliqua consectetur",
      "description": "voluptate in"
    },
    {
      "id": "ex Excepteur ea Ut aute",
      "name": "aliquip",
      "description": "officia incididunt"
    },
    {
      "id": "sint",
      "name": "fugiat laborum officia nisi",
      "description": "ut labore sunt"
    },
    {
      "id": "ea Duis minim deserunt sit",
      "name": "ipsum mollit tempor quis",
      "description": "enim ea reprehenderit cupidatat ut"
    },
    {
      "id": "in",
      "name": "magna nisi esse officia",
      "description": "commodo nisi ipsum velit Lorem"
    },
    {
      "id": "Excepteur Duis ad in irure",
      "name": "minim est et eiusmod",
      "description": "consequat"
    },
    {
      "id": "voluptate irure",
      "name": "irure minim Duis nulla",
      "description": "amet est culpa veniam fugiat"
    }
  ],
  "paymentAuthorizationReversalStatus": "in Excepteur Ut aliqua ipsum",
  "requestDate": "00:01:01",
  "paymentAuthorizationReversalCommentText": "voluptate ut sit",
  "macAddress": "irure laborum",
  "iPAddress": "consequat elit aute",
  "paymentAuthorizationReversalName": "ex commodo cupidatat",
  "customerAuthorizationReversalEmail": "id",
  "paymentAuthorization": [
    "magna commodo sed labore culpa",
    "qui et cillum minim quis",
    "aliquip eiusmod ad velit",
    "est",
    "laborum reprehenderit do et labore",
    "aute elit commodo",
    "minim occaecat",
    "qui deserunt et non",
    "dolor nisi ex",
    "aliqua",
    "ex ipsum adipisicing aute",
    "cillum aliqua eiusmod Lorem",
    "tempor culpa reprehenderit labore et",
    "ut pariatur Lorem",
    "laboris proident aliqua mollit",
    "cillum ipsum aliquip proident in",
    "occaecat eiusmod nulla",
    "pariatur mollit eu",
    "fugiat mollit minim commodo sed",
    "proident anim Lorem veniam",
    "consequat"
  ],
  "paymentGatewayInternalReferenceNumber": "Excepteur commodo",
  "capturePayment": [
    "officia ut voluptate elit",
    "eiusmod adipisicing amet",
    "amet dolore quis eu",
    "anim sit magna",
    "laboris est deserunt irure",
    "in",
    "in",
    "Lorem minim in",
    "voluptate aliquip",
    "fugiat quis id",
    "aute non labore",
    "exercitation proident laborum non reprehenderit",
    "Lorem nisi nostrud",
    "dolor ut",
    "culpa ex ea reprehenderit",
    "dolore Ut dolor dolore nisi",
    "sed",
    "sunt esse mollit",
    "ullamco culpa nulla",
    "aliqua eiusmod dolor velit",
    "adipisicing ut aliquip nostrud",
    "ut incididunt in pariatur aute",
    "elit nostrud sed reprehenderit",
    "tempor enim aliquip",
    "adipisicing",
    "veniam exercitation minim et",
    "commodo nostrud aliquip",
    "id",
    "id officia nulla commodo",
    "ut officia Duis",
    "est",
    "amet cillum",
    "laboris amet deserunt",
    "voluptate in minim",
    "enim",
    "ad minim tempor",
    "commodo dolore sit in consequat",
    "Duis",
    "sint adipisicing",
    "aliquip minim et",
    "quis occaecat",
    "eu mollit",
    "quis est Excepteur voluptate",
    "aliqua incididunt Lorem enim",
    "consectetur sed Ut",
    "in eu eiusmod ea sit",
    "ut fugiat aute sunt non",
    "Lorem",
    "veniam nostrud ex in quis",
    "ullamco nisi eu laborum",
    "ut Excepteur sunt irure",
    "eu sit adipisicing",
    "Lorem quis adipisicing",
    "voluptate consectetur ad",
    "commodo mollit consectetur adipisicing et",
    "irure eiusmod aliqua cupidatat",
    "esse eu cillum minim",
    "est voluptate",
    "quis adipisicing",
    "tempor",
    "irure officia",
    "officia exercitation ullamco laborum ipsum",
    "aute",
    "eiusmod proident ullamco ut",
    "esse quis magna reprehenderit",
    "dolor occaecat",
    "esse nostrud reprehenderit et occaecat",
    "officia ut dolore irure ut",
    "veniam aute",
    "incididunt ut esse",
    "elit adipisicing do in"
  ],
  "customerAuthorizationReversalPhone": "in cupidatat"
}
