{
  "paymentStatus": "minim ut dolore veniam in",
  "paymentEffectiveDate": "2012-09-24",
  "paymentType": "veniam qui culpa elit",
  "id": "velit occaecat Lorem dolore",
  "authorizationProcessingMode": "in eu culpa",
  "paymentNumber": "ullamco",
  "paymentAmount": 93479987,
  "latestGatewayInternalReferenceNumber": "elit anim",
  "commentText": "ipsum",
  "latestGatewayReferenceNumber": "sed Lorem",
  "paymentMethod": [
    "sit quis irure aliquip exercitation",
    "incididunt ad laboris veniam",
    "sit nisi ullamco reprehenderit",
    "Excepteur esse adipisicing",
    "mollit cillum minim",
    "dolore dolore ipsum est",
    "laborum nisi Ut",
    "Duis enim deserunt",
    "laborum est consectetur do amet",
    "do ut tempor veniam",
    "eu ut adipisicing",
    "mollit consequat nostrud sit dolor",
    "nostrud nisi cillum id est",
    "dolore",
    "eu",
    "Ut do laboris anim",
    "Duis aliqua id ex",
    "exercitation in in velit culpa",
    "ex dolor",
    "do occaecat qui",
    "esse",
    "reprehenderit consectetur",
    "exercitation amet",
    "non reprehenderit tempor sed nisi"
  ],
  "account": [
    "dolor Ut in nulla",
    "dolor veniam",
    "veniam",
    "Ut irure fugiat ex",
    "sit aliqua dolor ut",
    "aliqua",
    "in",
    "ullamco aliqua",
    "ullamco",
    "aliqua",
    "laboris ut ad nulla cillum",
    "anim fugiat reprehenderit in officia",
    "adipisicing cupidatat tempor irure",
    "dolore sint",
    "consectetur",
    "eu id",
    "est quis id ex in",
    "deserunt ullamco ut dolore non",
    "id cillum ut enim dolor",
    "magna",
    "aliquip reprehenderit sit ut sed",
    "velit deserunt",
    "velit",
    "ullamco enim exercitation voluptate ex",
    "in commodo nisi tempor laboris",
    "ut ullamco proident et eu",
    "dolore in",
    "nulla pariatur",
    "deserunt ullamco ipsum",
    "et culpa",
    "occaecat",
    "reprehenderit voluptate exercitation",
    "sint",
    "Lorem est consequat pariatur",
    "labore reprehenderit",
    "ipsum commodo minim aute eiusmod",
    "qui laborum in irure",
    "laborum irure Lorem ad pariatur",
    "sunt qui",
    "Excepteur proident id anim exercitation"
  ],
  "balanceAmount": -26079408,
  "latestGatewayDate": "1993-03-14"
}
