{
  "name": "minim voluptate",
  "id": "eiusmod do anim officia proident",
  "salesOrderDeliveryStatus": [
    {
      "id": "in incididunt amet",
      "name": "id"
    },
    {
      "id": "Duis tempor culpa elit esse",
      "name": "esse ea"
    },
    {
      "id": "esse Duis consectetur reprehenderit",
      "name": "culpa ad"
    },
    {
      "id": "dolore",
      "name": "proident qui dolore Lorem ut"
    },
    {
      "id": "incididunt",
      "name": "elit labore cupidatat est non"
    },
    {
      "id": "nostrud laboris in",
      "name": "aute sed cillum dolore anim"
    },
    {
      "id": "pariatur ut",
      "name": "elit occaecat in nulla"
    },
    {
      "id": "proident anim enim deserunt",
      "name": "id sit irure"
    },
    {
      "id": "quis sed in in",
      "name": "culpa pariatur nisi ad"
    },
    {
      "id": "cillum labore Lorem ex culpa",
      "name": "nulla ipsum occaecat"
    },
    {
      "id": "sit officia",
      "name": "tempor anim aliqua magna"
    },
    {
      "id": "commodo aliqua occaecat sed cupidatat",
      "name": "elit anim ullamco"
    },
    {
      "id": "sunt",
      "name": "cupidatat dolor voluptate"
    },
    {
      "id": "occaecat officia deserunt irure",
      "name": "Excepteur"
    },
    {
      "id": "ipsum consequat",
      "name": "labore"
    },
    {
      "id": "tempor",
      "name": "ut ipsum in eu sed"
    },
    {
      "id": "consequat deserunt reprehenderit dolor",
      "name": "eu officia irure"
    },
    {
      "id": "qui cillum laboris aute Excepteur",
      "name": "ipsum"
    },
    {
      "id": "aliqua nisi",
      "name": "commodo cillum culpa"
    },
    {
      "id": "sint",
      "name": "ea incididunt laboris enim dolore"
    },
    {
      "id": "proident aliqua",
      "name": "quis non cupidatat dolore ad"
    },
    {
      "id": "et dolor exercitation",
      "name": "nostrud ipsum"
    },
    {
      "id": "ut Lorem tempor dolore",
      "name": "officia"
    },
    {
      "id": "fugiat pariatur tempor sit id",
      "name": "eiusmod adipisicing labore ea est"
    },
    {
      "id": "consequat Ut in amet ad",
      "name": "exercitation aute consequat"
    },
    {
      "id": "Duis proident laborum ipsum",
      "name": "enim nisi deserunt"
    },
    {
      "id": "eu cillum nostrud incididunt ut",
      "name": "non ex in est"
    },
    {
      "id": "deserunt laboris aliqua",
      "name": "nisi sit"
    },
    {
      "id": "aliquip labore cillum",
      "name": "enim"
    },
    {
      "id": "nostrud cupidatat in ut",
      "name": "elit in ea cillum"
    },
    {
      "id": "nostrud proident",
      "name": "ut elit nulla veniam"
    },
    {
      "id": "consequat et",
      "name": "dolor"
    },
    {
      "id": "ad enim amet",
      "name": "do fugiat sit tempor"
    },
    {
      "id": "nulla culpa",
      "name": "Lorem et pariatur"
    },
    {
      "id": "Lorem ut exercitation proident",
      "name": "voluptate"
    },
    {
      "id": "in et consequat aliquip amet",
      "name": "laboris"
    },
    {
      "id": "occaecat ea aute",
      "name": "mollit"
    },
    {
      "id": "incididunt aliquip fugiat sint proident",
      "name": "ut cillum ipsum mollit cupidatat"
    },
    {
      "id": "voluptate ut",
      "name": "dolore minim mollit"
    },
    {
      "id": "sed magna elit exercitation proident",
      "name": "fugiat tempor cupidatat ut exercitation"
    },
    {
      "id": "sunt consequat",
      "name": "mollit"
    },
    {
      "id": "in",
      "name": "in est qui laboris"
    },
    {
      "id": "id qui do aliqua aute",
      "name": "voluptate"
    },
    {
      "id": "sed sunt",
      "name": "consequat irure quis proident do"
    },
    {
      "id": "aliquip ut in nulla",
      "name": "exercitation consequat culpa nostrud Lorem"
    },
    {
      "id": "veniam culpa laborum occaecat",
      "name": "tempor esse et dolore laborum"
    },
    {
      "id": "qui cillum mollit dolor est",
      "name": "anim aliquip"
    }
  ],
  "totalUnitPriceAmount": 51578098,
  "totalPriceAmount": 35984806,
  "salesOrderDeliveryGroupNumber": "in enim minim",
  "description": "mollit voluptate",
  "giftMessageText": "irure Excepteur",
  "salesOrder": [
    "reprehenderit minim",
    "pariatur occaecat",
    "anim veniam",
    "do Ut nisi veniam consectetur",
    "incididunt",
    "dolor amet sed nisi sint",
    "anim",
    "ut deserunt ad sint reprehenderit",
    "esse Excepteur minim tempor ea",
    "sed sit consequat",
    "eu tempor",
    "dolore",
    "cillum et in qui",
    "nisi dolor ut laboris",
    "in",
    "amet do Excepteur",
    "laborum",
    "elit dolore cillum",
    "eu dolor sed veniam officia",
    "elit aute eiusmod proident minim",
    "cillum laborum ut Lorem adipisicing",
    "dolore consequat",
    "cupidatat dolor enim in",
    "officia ea",
    "sed minim eu ea",
    "ea",
    "exercitation eiusmod amet dolor quis",
    "in incididunt ipsum",
    "minim voluptate consectetur fugiat",
    "sit ipsum sunt ut irure",
    "est dolore",
    "ut",
    "id",
    "nisi",
    "ut",
    "dolore esse Excepteur",
    "esse"
  ],
  "totalDeliveryAdjustmentTaxAmount": -33329225,
  "isGift": true,
  "totalDeliveryAdjustmentAmount": -10445107,
  "deliveryInstructionsText": "ullamco Excepteur",
  "totalDeliveryChargeTaxAmount": -76427604,
  "contactPointAddress": [
    "esse consectetur Excepteur",
    "incididunt",
    "officia esse voluptate",
    "nostrud",
    "laboris in cupidatat non",
    "voluptate sint eu culpa deserunt",
    "voluptate commodo in",
    "pariatur exercitation deserunt",
    "sunt magna",
    "commodo aliquip et aliqua",
    "cupidatat voluptate labore tempor",
    "esse ea",
    "cillum",
    "anim occaecat commodo ut",
    "mollit irure laborum commodo cillum",
    "consectetur nulla mollit labore",
    "Ut qui",
    "est minim consequat dolore Lorem",
    "velit",
    "ut cillum dolor",
    "eiusmod in amet sunt proident",
    "ex aute irure",
    "pariatur",
    "consectetur Duis exercitation",
    "anim laboris dolore",
    "sit qui in sed dolore",
    "esse eu exercitation",
    "Ut velit laborum ad non",
    "et",
    "dolor sed dolore",
    "Ut",
    "enim sint laborum incididunt",
    "Ut occaecat pariatur in",
    "aliquip voluptate qui",
    "est culpa",
    "esse dolore",
    "ea veniam",
    "est deserunt adipisicing",
    "sed deserunt dolor sit mollit",
    "et non tempor nostrud incididunt",
    "amet aliquip",
    "do aute id Ut elit",
    "ad",
    "aute consectetur",
    "in Lorem",
    "amet nulla reprehenderit",
    "et nisi enim velit in",
    "consectetur cupidatat mollit ex tempor",
    "nulla",
    "exercitation",
    "eu enim ea"
  ],
  "totalTaxAmount": 68370187,
  "accountContact": [
    "officia eiusmod",
    "cupidatat ut",
    "exercitation aliqua nostrud",
    "esse fugiat sit",
    "amet",
    "dolor eu deserunt reprehenderit ipsum",
    "Lorem in",
    "aliquip sint eu eiusmod minim",
    "occaecat",
    "minim commodo laborum esse",
    "ad non cillum aliquip mollit",
    "pariatur deserunt dolore voluptate sunt",
    "pariatur dolore incididunt",
    "mollit ea veniam pariatur eiusmod",
    "elit sed in non",
    "dolore occaecat magna",
    "Excepteur",
    "non",
    "velit exercitation",
    "Excepteur nulla deserunt",
    "tempor in consectetur",
    "pariatur",
    "reprehenderit in",
    "enim",
    "officia ad deserunt sit",
    "Lorem in magna laborum",
    "ut culpa enim incididunt",
    "in id",
    "reprehenderit in nisi ex sunt",
    "Ut proident eiusmod do fugiat",
    "minim aute ut est",
    "voluptate",
    "labore nisi adipisicing officia",
    "fugiat sunt",
    "nostrud cillum esse ut mollit"
  ],
  "promisedDate": "1951-04-08",
  "desiredDeliveryDate": "1987-08-08",
  "totalDeliveryChargeAmount": -22896004,
  "grandTotalDeliveryAmount": 98594063
}
