{
  "id": "dolor nisi aliquip consectetur reprehenderit",
  "activeFromDate": "1962-10-09",
  "productReturnRate": -81849402,
  "inventoryValueAmount": -59219001,
  "eventParticipationCount": 7883782,
  "systemLoginCount": -18396890,
  "averageConvertedLeadAmount": -71920164,
  "marketingDevelopmentAmount": -50449282,
  "jointBusinessPlanExist": false,
  "demonstrationsGivenCount": -65220037,
  "creditRating": -9152693,
  "documentationDownloadCount": -66573894,
  "communityParticipationCount": 45343530,
  "majorPostSaleSupportNeeded": false,
  "newCustomerAcquisitionCount": 87495124,
  "opportunityWinRate": 44096330,
  "salesAmount": 75083067,
  "opportunityInvolvementCount": 77307403,
  "leadGenerationCount": -31354888,
  "trialParticipationCount": 4778401,
  "trainingCertificationCount": 97701818,
  "estimatedPartnerGrossMargin": -35255379,
  "trainingParticipationCount": -54433396
}
