{
  "$schema": "http://json-schema.org/draft-07/schema#",
  "$ref": "#/definitions/AccountPartner",
  "definitions": {
    "AccountPartner": {
      "type": "object",
      "additionalProperties": true,
      "required": [
        "id"
      ],
      "properties": {
        "id": {
          "anyOf": [
            {
              "type": "string"
            },
            {
              "type": "null"
            }
          ]
        },
        "account": {
          "type": "array",
          "items": {
            "type": "string"
          }
        },
        "partnerAccount": {
          "type": "array",
          "items": {
            "type": "string"
          }
        }
      }
    }
  }
}
