{
  "$schema": "http://json-schema.org/draft-07/schema#",
  "$ref": "#/definitions/CapturePayment",
  "definitions": {
    "CapturePayment": {
      "type": "object",
      "example": {
        "paymentStatus": "reprehenderit",
        "latestGatewayInternalResult": "tempor qui laboris",
        "commentText": "qui eiusmod Duis aute",
        "paymentEffectiveDate": "2009-05-07",
        "paymentCancellationDate": "1946-09-25",
        "latestGatewayReferenceNumber": "tempor",
        "capturePaymentType": "fugiat",
        "salesOrderPaymentSummary": [
          "deserunt ea",
          "velit"
        ],
        "internalBusinessUnit": [
          "fugiat exercitation Excepteur",
          "est dolor ullamco"
        ],
        "id": "deserunt fugiat in sunt",
        "paymentType": "officia est laboris do",
        "totalUnappliedAmount": 10796306,
        "latestGatewayDate": "1954-06-23",
        "authorizationProcessingMode": "consectetur velit fugiat",
        "paymentAuthorization": [
          "fugiat sit",
          "consectetur"
        ],
        "paymentNumber": "Excepteur",
        "paymentTreatment": [
          "exercitation Excepteur nulla",
          "mollit elit"
        ],
        "paymentMethod": [
          "labore et",
          "nisi"
        ],
        "totalAppliedAmount": -96176158,
        "paymentGateway": [
          "proident",
          "officia elit"
        ],
        "paymentAmount": -4912035,
        "paymentGroup": [
          "nostrud sed qui velit ipsum",
          "et"
        ],
        "latestGatewayInternalReferenceNumber": "fugiat ad",
        "netAppliedAmount": 55816575,
        "balanceAmount": 33220282,
        "externalCreatedDate": "1988-07-02",
        "latestGatewayResultCode": [
          {
            "id": null,
            "name": "irure dolor pariatur mollit eiusmod",
            "description": "est mollit occaecat tempor sunt"
          },
          {
            "id": null,
            "name": "minim dolore",
            "description": "velit"
          }
        ],
        "customerPhoneNumber": "cillum",
        "customerEmailAddress": "velit culpa",
        "isFinalCapture": null,
        "latestPaymentGatewayMessageText": "ex",
        "handlingFeeAmount": 65864737,
        "account": [
          "ut est dolore voluptate",
          "ut sit consectetur"
        ],
        "iPAddress": "tempor occaecat Duis",
        "name": "incididunt Lorem dolore eiusmod",
        "macAddress": "velit officia do quis"
      },
      "additionalProperties": true,
      "required": [
        "paymentStatus",
        "paymentEffectiveDate",
        "capturePaymentType",
        "id",
        "paymentType",
        "authorizationProcessingMode",
        "paymentNumber",
        "paymentAmount"
      ],
      "properties": {
        "id": {
          "anyOf": [
            {
              "type": "string"
            },
            {
              "type": "null"
            }
          ]
        },
        "name": {
          "type": "string"
        },
        "capturePaymentType": {
          "type": "string"
        },
        "handlingFeeAmount": {
          "anyOf": [
            {
              "type": "integer"
            },
            {
              "type": "null"
            }
          ]
        },
        "paymentAuthorization": {
          "type": "array",
          "items": {
            "type": "string"
          }
        },
        "isFinalCapture": {
          "anyOf": [
            {
              "type": "boolean"
            },
            {
              "type": "null"
            }
          ]
        },
        "paymentStatus": {
          "type": "string"
        },
        "authorizationProcessingMode": {
          "type": "string"
        },
        "account": {
          "type": "array",
          "items": {
            "type": "string"
          }
        },
        "salesOrderPaymentSummary": {
          "type": "array",
          "items": {
            "type": "string"
          }
        },
        "latestGatewayResultCode": {
          "type": "array",
          "items": {
            "type": "object",
            "additionalProperties": true,
            "required": [
              "id",
              "name",
              "description"
            ],
            "properties": {
              "id": {
                "anyOf": [
                  {
                    "type": "string"
                  },
                  {
                    "type": "null"
                  }
                ]
              },
              "name": {
                "type": "string"
              },
              "description": {
                "type": "string"
              }
            }
          }
        },
        "iPAddress": {
          "type": "string"
        },
        "commentText": {
          "type": "string"
        },
        "paymentNumber": {
          "type": "string"
        },
        "paymentGroup": {
          "type": "array",
          "items": {
            "type": "string"
          }
        },
        "paymentAmount": {
          "type": "integer"
        },
        "latestGatewayInternalResult": {
          "type": "string"
        },
        "customerEmailAddress": {
          "type": "string"
        },
        "latestGatewayReferenceNumber": {
          "type": "string"
        },
        "paymentMethod": {
          "type": "array",
          "items": {
            "type": "string"
          }
        },
        "latestGatewayDate": {
          "anyOf": [
            {
              "type": "string",
              "format": "date"
            },
            {
              "type": "null"
            }
          ]
        },
        "balanceAmount": {
          "anyOf": [
            {
              "type": "integer"
            },
            {
              "type": "null"
            }
          ]
        },
        "paymentType": {
          "type": "string"
        },
        "paymentGateway": {
          "type": "array",
          "items": {
            "type": "string"
          }
        },
        "customerPhoneNumber": {
          "type": "string"
        },
        "latestPaymentGatewayMessageText": {
          "type": "string"
        },
        "paymentEffectiveDate": {
          "type": "string",
          "format": "date"
        },
        "paymentTreatment": {
          "type": "array",
          "items": {
            "type": "string"
          }
        },
        "externalCreatedDate": {
          "anyOf": [
            {
              "type": "string",
              "format": "date"
            },
            {
              "type": "null"
            }
          ]
        },
        "internalBusinessUnit": {
          "type": "array",
          "items": {
            "type": "string"
          }
        },
        "paymentCancellationDate": {
          "anyOf": [
            {
              "type": "string",
              "format": "date"
            },
            {
              "type": "null"
            }
          ]
        },
        "macAddress": {
          "type": "string"
        },
        "totalAppliedAmount": {
          "anyOf": [
            {
              "type": "integer"
            },
            {
              "type": "null"
            }
          ]
        },
        "netAppliedAmount": {
          "anyOf": [
            {
              "type": "integer"
            },
            {
              "type": "null"
            }
          ]
        },
        "totalUnappliedAmount": {
          "anyOf": [
            {
              "type": "integer"
            },
            {
              "type": "null"
            }
          ]
        },
        "latestGatewayInternalReferenceNumber": {
          "type": "string"
        }
      }
    }
  }
}
