{
  "$schema": "http://json-schema.org/draft-07/schema#",
  "$ref": "#/definitions/GoodsProduct",
  "definitions": {
    "GoodsProduct": {
      "type": "object",
      "additionalProperties": true,
      "required": [
        "name",
        "longDescription",
        "id",
        "productStatus",
        "description",
        "productSKU"
      ],
      "properties": {
        "id": {
          "anyOf": [
            {
              "type": "string"
            },
            {
              "type": "null"
            }
          ]
        },
        "productSecurityRequirement": {
          "type": "string"
        },
        "season": {
          "type": "string"
        },
        "color": {
          "type": "string"
        },
        "style": {
          "type": "string"
        },
        "isMadeToOrder": {
          "anyOf": [
            {
              "type": "boolean"
            },
            {
              "type": "null"
            }
          ]
        },
        "height": {
          "anyOf": [
            {
              "type": "integer"
            },
            {
              "type": "null"
            }
          ]
        },
        "fabric": {
          "type": "string"
        },
        "requiredTemperatureUOM": {
          "type": "string"
        },
        "shelfFacingUnitCount": {
          "anyOf": [
            {
              "type": "integer"
            },
            {
              "type": "null"
            }
          ]
        },
        "requiredHumidityPercentage": {
          "anyOf": [
            {
              "type": "integer"
            },
            {
              "type": "null"
            }
          ]
        },
        "grossWeight": {
          "anyOf": [
            {
              "type": "integer"
            },
            {
              "type": "null"
            }
          ]
        },
        "tareWeight": {
          "anyOf": [
            {
              "type": "integer"
            },
            {
              "type": "null"
            }
          ]
        },
        "depth": {
          "anyOf": [
            {
              "type": "integer"
            },
            {
              "type": "null"
            }
          ]
        },
        "requiredTemperatureLowestNumber": {
          "anyOf": [
            {
              "type": "integer"
            },
            {
              "type": "null"
            }
          ]
        },
        "gender": {
          "type": "string"
        },
        "maxHoldingDayCount": {
          "anyOf": [
            {
              "type": "integer"
            },
            {
              "type": "null"
            }
          ]
        },
        "diameter": {
          "anyOf": [
            {
              "type": "integer"
            },
            {
              "type": "null"
            }
          ]
        },
        "isPerishable": {
          "anyOf": [
            {
              "type": "boolean"
            },
            {
              "type": "null"
            }
          ]
        },
        "requiredCleanupProcess": {
          "type": "string"
        },
        "pattern": {
          "type": "string"
        },
        "requiredTemperatureHighestNumber": {
          "anyOf": [
            {
              "type": "integer"
            },
            {
              "type": "null"
            }
          ]
        },
        "netWeight": {
          "anyOf": [
            {
              "type": "integer"
            },
            {
              "type": "null"
            }
          ]
        },
        "environmentRequirement": {
          "type": "string"
        },
        "drainedWeight": {
          "anyOf": [
            {
              "type": "integer"
            },
            {
              "type": "null"
            }
          ]
        },
        "age": {
          "type": "string"
        },
        "width": {
          "anyOf": [
            {
              "type": "integer"
            },
            {
              "type": "null"
            }
          ]
        },
        "requiresUnitPriceLabel": {
          "anyOf": [
            {
              "type": "boolean"
            },
            {
              "type": "null"
            }
          ]
        },
        "weightUOM": {
          "type": "string"
        },
        "productMayExpand": {
          "anyOf": [
            {
              "type": "boolean"
            },
            {
              "type": "null"
            }
          ]
        },
        "sizeUOM": {
          "type": "string"
        },
        "name": {
          "type": "string"
        },
        "quantityScheduleType": {
          "type": "string"
        },
        "disposalType": {
          "type": "string"
        },
        "longDescription": {
          "type": "string"
        },
        "primaryProductCategory": {
          "type": "array",
          "items": {
            "type": "string"
          }
        },
        "minimumAdvertisementAmount": {
          "anyOf": [
            {
              "type": "integer"
            },
            {
              "type": "null"
            }
          ]
        },
        "isBackOrdered": {
          "anyOf": [
            {
              "type": "boolean"
            },
            {
              "type": "null"
            }
          ]
        },
        "validForPeriodCount": {
          "anyOf": [
            {
              "type": "integer"
            },
            {
              "type": "null"
            }
          ]
        },
        "isWorkerDiscountAllowed": {
          "anyOf": [
            {
              "type": "boolean"
            },
            {
              "type": "null"
            }
          ]
        },
        "allowPartialRefund": {
          "anyOf": [
            {
              "type": "boolean"
            },
            {
              "type": "null"
            }
          ]
        },
        "isWeightEntryRequired": {
          "anyOf": [
            {
              "type": "boolean"
            },
            {
              "type": "null"
            }
          ]
        },
        "isQuantityEntryRequired": {
          "anyOf": [
            {
              "type": "boolean"
            },
            {
              "type": "null"
            }
          ]
        },
        "isSerialized": {
          "anyOf": [
            {
              "type": "boolean"
            },
            {
              "type": "null"
            }
          ]
        },
        "rewardProgramPointsCount": {
          "anyOf": [
            {
              "type": "integer"
            },
            {
              "type": "null"
            }
          ]
        },
        "description": {
          "type": "string"
        },
        "revenueInstallmentPeriod": {
          "type": "string"
        },
        "isAutoProvisionable": {
          "anyOf": [
            {
              "type": "boolean"
            },
            {
              "type": "null"
            }
          ]
        },
        "isCouponRedemptionAllowed": {
          "anyOf": [
            {
              "type": "boolean"
            },
            {
              "type": "null"
            }
          ]
        },
        "isSellableIndependently": {
          "anyOf": [
            {
              "type": "boolean"
            },
            {
              "type": "null"
            }
          ]
        },
        "canUseRevenueSchedule": {
          "anyOf": [
            {
              "type": "boolean"
            },
            {
              "type": "null"
            }
          ]
        },
        "manufacturerName": {
          "type": "string"
        },
        "isIntellectualPropertyProtected": {
          "anyOf": [
            {
              "type": "boolean"
            },
            {
              "type": "null"
            }
          ]
        },
        "modelYear": {
          "anyOf": [
            {
              "type": "integer"
            },
            {
              "type": "null"
            }
          ]
        },
        "isCustomerDiscountAllowed": {
          "anyOf": [
            {
              "type": "boolean"
            },
            {
              "type": "null"
            }
          ]
        },
        "productStatus": {
          "type": "string"
        },
        "brandGrade": {
          "type": "string"
        },
        "quantityInstallmentCount": {
          "anyOf": [
            {
              "type": "integer"
            },
            {
              "type": "null"
            }
          ]
        },
        "requiredDepositAmount": {
          "anyOf": [
            {
              "type": "integer"
            },
            {
              "type": "null"
            }
          ]
        },
        "revenueScheduleType": {
          "type": "string"
        },
        "isPreOrderable": {
          "anyOf": [
            {
              "type": "boolean"
            },
            {
              "type": "null"
            }
          ]
        },
        "requiresInvididualUnitPricing": {
          "anyOf": [
            {
              "type": "boolean"
            },
            {
              "type": "null"
            }
          ]
        },
        "standardWarrantyLengthMonth": {
          "anyOf": [
            {
              "type": "integer"
            },
            {
              "type": "null"
            }
          ]
        },
        "canUseQuantitySchedule": {
          "anyOf": [
            {
              "type": "boolean"
            },
            {
              "type": "null"
            }
          ]
        },
        "isInstallable": {
          "anyOf": [
            {
              "type": "boolean"
            },
            {
              "type": "null"
            }
          ]
        },
        "isRainCheckAllowed": {
          "anyOf": [
            {
              "type": "boolean"
            },
            {
              "type": "null"
            }
          ]
        },
        "minimumAdvertisementAmountStartDate": {
          "anyOf": [
            {
              "type": "integer"
            },
            {
              "type": "null"
            }
          ]
        },
        "maximumOrderQuantityCount": {
          "anyOf": [
            {
              "type": "integer"
            },
            {
              "type": "null"
            }
          ]
        },
        "isMultipleCouponsAllowed": {
          "anyOf": [
            {
              "type": "boolean"
            },
            {
              "type": "null"
            }
          ]
        },
        "allowCustomerReturn": {
          "anyOf": [
            {
              "type": "boolean"
            },
            {
              "type": "null"
            }
          ]
        },
        "modelNumber": {
          "type": "string"
        },
        "mSRPAmount": {
          "anyOf": [
            {
              "type": "integer"
            },
            {
              "type": "null"
            }
          ]
        },
        "externalSourceRecord": {
          "type": "string"
        },
        "masterProduct": {
          "type": "array",
          "items": {
            "type": "string"
          }
        },
        "isSellable": {
          "anyOf": [
            {
              "type": "boolean"
            },
            {
              "type": "null"
            }
          ]
        },
        "validToDate": {
          "anyOf": [
            {
              "type": "string",
              "format": "date"
            },
            {
              "type": "null"
            }
          ]
        },
        "priceChargeType": {
          "type": "string"
        },
        "primarySalesChannel": {
          "type": "array",
          "items": {
            "type": "string"
          }
        },
        "isPartnerDiscountAllowed": {
          "anyOf": [
            {
              "type": "boolean"
            },
            {
              "type": "null"
            }
          ]
        },
        "revenueInstallmentCount": {
          "anyOf": [
            {
              "type": "integer"
            },
            {
              "type": "null"
            }
          ]
        },
        "productSKU": {
          "type": "string"
        },
        "quantityInstallmentPeriod": {
          "anyOf": [
            {
              "type": "string"
            },
            {
              "type": "null"
            }
          ]
        },
        "isManualPriceEntryRequired": {
          "anyOf": [
            {
              "type": "boolean"
            },
            {
              "type": "null"
            }
          ]
        },
        "type": {
          "type": "string"
        },
        "isSellableWithoutPrice": {
          "anyOf": [
            {
              "type": "boolean"
            },
            {
              "type": "null"
            }
          ]
        },
        "glAccountCode": {
          "type": "string"
        },
        "isReturnable": {
          "anyOf": [
            {
              "type": "boolean"
            },
            {
              "type": "null"
            }
          ]
        },
        "displayUrl": {
          "type": "string"
        },
        "validForPeriodUOM": {
          "type": "array",
          "items": {
            "type": "object",
            "additionalProperties": true,
            "required": [
              "id",
              "name",
              "pluralName"
            ],
            "properties": {
              "id": {
                "anyOf": [
                  {
                    "type": "string"
                  },
                  {
                    "type": "null"
                  }
                ]
              },
              "name": {
                "type": "string"
              },
              "pluralName": {
                "type": "string"
              }
            }
          }
        },
        "versionNumber": {
          "type": "string"
        },
        "brand": {
          "type": "array",
          "items": {
            "type": "string"
          }
        },
        "lotIdentifier": {
          "type": "string"
        },
        "validFromDate": {
          "anyOf": [
            {
              "type": "string",
              "format": "date"
            },
            {
              "type": "null"
            }
          ]
        },
        "stockLedgerValuationAmount": {
          "anyOf": [
            {
              "type": "integer"
            },
            {
              "type": "null"
            }
          ]
        },
        "isDynamicBundle": {
          "anyOf": [
            {
              "type": "boolean"
            },
            {
              "type": "null"
            }
          ]
        },
        "isQualityVerificationRequired": {
          "anyOf": [
            {
              "type": "boolean"
            },
            {
              "type": "null"
            }
          ]
        },
        "requiredDepositPercentage": {
          "anyOf": [
            {
              "type": "integer"
            },
            {
              "type": "null"
            }
          ]
        },
        "isFoodstampPaymentAllowed": {
          "anyOf": [
            {
              "type": "boolean"
            },
            {
              "type": "null"
            }
          ]
        },
        "minimumOrderQuantityCount": {
          "anyOf": [
            {
              "type": "integer"
            },
            {
              "type": "null"
            }
          ]
        }
      }
    }
  }
}
