{
  "$schema": "http://json-schema.org/draft-07/schema#",
  "$ref": "#/definitions/OrderDeliveryMethod",
  "definitions": {
    "OrderDeliveryMethod": {
      "type": "object",
      "example": {
        "id": "esse culpa minim enim ullamco",
        "name": "nostrud consectetur Ut",
        "product": [
          "consequat",
          "proident qui"
        ],
        "externalRecord": "adipisicing mollit ex"
      },
      "additionalProperties": true,
      "required": [
        "name",
        "id"
      ],
      "properties": {
        "id": {
          "anyOf": [
            {
              "type": "string"
            },
            {
              "type": "null"
            }
          ]
        },
        "name": {
          "type": "string"
        },
        "product": {
          "type": "array",
          "items": {
            "type": "string"
          }
        },
        "externalRecord": {
          "type": "string"
        }
      }
    }
  }
}
