{
  "$schema": "http://json-schema.org/draft-07/schema#",
  "$ref": "#/definitions/Product",
  "definitions": {
    "Product": {
      "type": "object",
      "example": {
        "id": "cupidatat occaecat",
        "name": "in cupidatat est",
        "longDescription": "ut",
        "isBackOrdered": false,
        "isWorkerDiscountAllowed": false,
        "isWeightEntryRequired": false,
        "isQuantityEntryRequired": false,
        "isSerialized": false,
        "description": "voluptate nisi cupidatat",
        "isAutoProvisionable": false,
        "isCouponRedemptionAllowed": false,
        "isSellableIndependently": false,
        "canUseRevenueSchedule": false,
        "isCustomerDiscountAllowed": false,
        "productStatus": "proident incididunt ipsum",
        "isPreOrderable": false,
        "requiresInvididualUnitPricing": false,
        "canUseQuantitySchedule": false,
        "isInstallable": false,
        "isRainCheckAllowed": false,
        "isMultipleCouponsAllowed": false,
        "priceChargeType": "et Ut consequat",
        "isPartnerDiscountAllowed": false,
        "productSKU": "pariatur enim",
        "isManualPriceEntryRequired": false,
        "isSellableWithoutPrice": false,
        "isReturnable": false,
        "isDynamicBundle": false,
        "isQualityVerificationRequired": false,
        "isFoodstampPaymentAllowed": false,
        "allowPartialRefund": true,
        "revenueInstallmentPeriod": "laboris exercitation",
        "minimumOrderQuantityCount": -75267506,
        "stockLedgerValuationAmount": 37677743,
        "allowCustomerReturn": true,
        "quantityInstallmentCount": -6497186,
        "validForPeriodUOM": [
          {
            "id": "Duis aute mollit quis elit",
            "name": "id eu",
            "pluralName": "proident voluptate"
          }
        ],
        "minimumAdvertisementAmount": 91308850,
        "primaryProductCategory": [
          "commodo ut"
        ],
        "masterProduct": [
          "quis aliquip magna"
        ],
        "requiredDepositPercentage": 61805655,
        "quantityScheduleType": "non",
        "validForPeriodCount": 45237339,
        "validFromDate": "1947-01-18",
        "minimumAdvertisementAmountStartDate": -23566218,
        "validToDate": "2010-11-06",
        "type": "magna non",
        "lotIdentifier": "laborum ad Lorem",
        "modelYear": 61257344,
        "rewardProgramPointsCount": -44742041,
        "isSellable": false,
        "revenueInstallmentCount": 47145558,
        "brandGrade": "proident consequat velit ad dolore",
        "manufacturerName": "ut ad fugiat proident",
        "disposalType": "aliquip Lorem et do",
        "brand": [
          "consectetur ullamco"
        ],
        "versionNumber": "deserunt adipisicing",
        "externalSourceRecord": "eu aliquip dolor cillum",
        "modelNumber": "sit dolor fugiat",
        "revenueScheduleType": "enim ullamco voluptate adipisicing",
        "quantityInstallmentPeriod": "consequat amet incididunt deserunt",
        "glAccountCode": "ipsum consectetur elit aliquip Ut",
        "displayUrl": "cupidatat pariatur dolor",
        "isIntellectualPropertyProtected": false,
        "mSRPAmount": -6378578,
        "primarySalesChannel": [
          "cillum"
        ],
        "requiredDepositAmount": -88660615,
        "maximumOrderQuantityCount": -79556171,
        "standardWarrantyLengthMonth": 95773318
      },
      "additionalProperties": true,
      "required": [
        "name",
        "longDescription",
        "id",
        "productStatus",
        "description",
        "productSKU"
      ],
      "properties": {
        "id": {
          "anyOf": [
            {
              "type": "string"
            },
            {
              "type": "null"
            }
          ]
        },
        "name": {
          "type": "string"
        },
        "quantityScheduleType": {
          "type": "string"
        },
        "disposalType": {
          "type": "string"
        },
        "longDescription": {
          "type": "string"
        },
        "primaryProductCategory": {
          "type": "array",
          "items": {
            "type": "string"
          }
        },
        "minimumAdvertisementAmount": {
          "anyOf": [
            {
              "type": "integer"
            },
            {
              "type": "null"
            }
          ]
        },
        "isBackOrdered": {
          "anyOf": [
            {
              "type": "boolean"
            },
            {
              "type": "null"
            }
          ]
        },
        "validForPeriodCount": {
          "anyOf": [
            {
              "type": "integer"
            },
            {
              "type": "null"
            }
          ]
        },
        "isWorkerDiscountAllowed": {
          "anyOf": [
            {
              "type": "boolean"
            },
            {
              "type": "null"
            }
          ]
        },
        "allowPartialRefund": {
          "anyOf": [
            {
              "type": "boolean"
            },
            {
              "type": "null"
            }
          ]
        },
        "isWeightEntryRequired": {
          "anyOf": [
            {
              "type": "boolean"
            },
            {
              "type": "null"
            }
          ]
        },
        "isQuantityEntryRequired": {
          "anyOf": [
            {
              "type": "boolean"
            },
            {
              "type": "null"
            }
          ]
        },
        "isSerialized": {
          "anyOf": [
            {
              "type": "boolean"
            },
            {
              "type": "null"
            }
          ]
        },
        "rewardProgramPointsCount": {
          "anyOf": [
            {
              "type": "integer"
            },
            {
              "type": "null"
            }
          ]
        },
        "description": {
          "type": "string"
        },
        "revenueInstallmentPeriod": {
          "type": "string"
        },
        "isAutoProvisionable": {
          "anyOf": [
            {
              "type": "boolean"
            },
            {
              "type": "null"
            }
          ]
        },
        "isCouponRedemptionAllowed": {
          "anyOf": [
            {
              "type": "boolean"
            },
            {
              "type": "null"
            }
          ]
        },
        "isSellableIndependently": {
          "anyOf": [
            {
              "type": "boolean"
            },
            {
              "type": "null"
            }
          ]
        },
        "canUseRevenueSchedule": {
          "anyOf": [
            {
              "type": "boolean"
            },
            {
              "type": "null"
            }
          ]
        },
        "manufacturerName": {
          "type": "string"
        },
        "isIntellectualPropertyProtected": {
          "anyOf": [
            {
              "type": "boolean"
            },
            {
              "type": "null"
            }
          ]
        },
        "modelYear": {
          "anyOf": [
            {
              "type": "integer"
            },
            {
              "type": "null"
            }
          ]
        },
        "isCustomerDiscountAllowed": {
          "anyOf": [
            {
              "type": "boolean"
            },
            {
              "type": "null"
            }
          ]
        },
        "productStatus": {
          "type": "string"
        },
        "brandGrade": {
          "type": "string"
        },
        "quantityInstallmentCount": {
          "anyOf": [
            {
              "type": "integer"
            },
            {
              "type": "null"
            }
          ]
        },
        "requiredDepositAmount": {
          "anyOf": [
            {
              "type": "integer"
            },
            {
              "type": "null"
            }
          ]
        },
        "revenueScheduleType": {
          "type": "string"
        },
        "isPreOrderable": {
          "anyOf": [
            {
              "type": "boolean"
            },
            {
              "type": "null"
            }
          ]
        },
        "requiresInvididualUnitPricing": {
          "anyOf": [
            {
              "type": "boolean"
            },
            {
              "type": "null"
            }
          ]
        },
        "standardWarrantyLengthMonth": {
          "anyOf": [
            {
              "type": "integer"
            },
            {
              "type": "null"
            }
          ]
        },
        "canUseQuantitySchedule": {
          "anyOf": [
            {
              "type": "boolean"
            },
            {
              "type": "null"
            }
          ]
        },
        "isInstallable": {
          "anyOf": [
            {
              "type": "boolean"
            },
            {
              "type": "null"
            }
          ]
        },
        "isRainCheckAllowed": {
          "anyOf": [
            {
              "type": "boolean"
            },
            {
              "type": "null"
            }
          ]
        },
        "minimumAdvertisementAmountStartDate": {
          "anyOf": [
            {
              "type": "integer"
            },
            {
              "type": "null"
            }
          ]
        },
        "maximumOrderQuantityCount": {
          "anyOf": [
            {
              "type": "integer"
            },
            {
              "type": "null"
            }
          ]
        },
        "isMultipleCouponsAllowed": {
          "anyOf": [
            {
              "type": "boolean"
            },
            {
              "type": "null"
            }
          ]
        },
        "allowCustomerReturn": {
          "anyOf": [
            {
              "type": "boolean"
            },
            {
              "type": "null"
            }
          ]
        },
        "modelNumber": {
          "type": "string"
        },
        "mSRPAmount": {
          "anyOf": [
            {
              "type": "integer"
            },
            {
              "type": "null"
            }
          ]
        },
        "externalSourceRecord": {
          "type": "string"
        },
        "masterProduct": {
          "type": "array",
          "items": {
            "type": "string"
          }
        },
        "isSellable": {
          "anyOf": [
            {
              "type": "boolean"
            },
            {
              "type": "null"
            }
          ]
        },
        "validToDate": {
          "anyOf": [
            {
              "type": "string",
              "format": "date"
            },
            {
              "type": "null"
            }
          ]
        },
        "priceChargeType": {
          "type": "string"
        },
        "primarySalesChannel": {
          "type": "array",
          "items": {
            "type": "string"
          }
        },
        "isPartnerDiscountAllowed": {
          "anyOf": [
            {
              "type": "boolean"
            },
            {
              "type": "null"
            }
          ]
        },
        "revenueInstallmentCount": {
          "anyOf": [
            {
              "type": "integer"
            },
            {
              "type": "null"
            }
          ]
        },
        "productSKU": {
          "type": "string"
        },
        "quantityInstallmentPeriod": {
          "anyOf": [
            {
              "type": "string"
            },
            {
              "type": "null"
            }
          ]
        },
        "isManualPriceEntryRequired": {
          "anyOf": [
            {
              "type": "boolean"
            },
            {
              "type": "null"
            }
          ]
        },
        "type": {
          "type": "string"
        },
        "isSellableWithoutPrice": {
          "anyOf": [
            {
              "type": "boolean"
            },
            {
              "type": "null"
            }
          ]
        },
        "glAccountCode": {
          "type": "string"
        },
        "isReturnable": {
          "anyOf": [
            {
              "type": "boolean"
            },
            {
              "type": "null"
            }
          ]
        },
        "displayUrl": {
          "type": "string"
        },
        "validForPeriodUOM": {
          "type": "array",
          "items": {
            "type": "object",
            "additionalProperties": true,
            "required": [
              "id",
              "name",
              "pluralName"
            ],
            "properties": {
              "id": {
                "anyOf": [
                  {
                    "type": "string"
                  },
                  {
                    "type": "null"
                  }
                ]
              },
              "name": {
                "type": "string"
              },
              "pluralName": {
                "type": "string"
              }
            }
          }
        },
        "versionNumber": {
          "type": "string"
        },
        "brand": {
          "type": "array",
          "items": {
            "type": "string"
          }
        },
        "lotIdentifier": {
          "type": "string"
        },
        "validFromDate": {
          "anyOf": [
            {
              "type": "string",
              "format": "date"
            },
            {
              "type": "null"
            }
          ]
        },
        "stockLedgerValuationAmount": {
          "anyOf": [
            {
              "type": "integer"
            },
            {
              "type": "null"
            }
          ]
        },
        "isDynamicBundle": {
          "anyOf": [
            {
              "type": "boolean"
            },
            {
              "type": "null"
            }
          ]
        },
        "isQualityVerificationRequired": {
          "anyOf": [
            {
              "type": "boolean"
            },
            {
              "type": "null"
            }
          ]
        },
        "requiredDepositPercentage": {
          "anyOf": [
            {
              "type": "integer"
            },
            {
              "type": "null"
            }
          ]
        },
        "isFoodstampPaymentAllowed": {
          "anyOf": [
            {
              "type": "boolean"
            },
            {
              "type": "null"
            }
          ]
        },
        "minimumOrderQuantityCount": {
          "anyOf": [
            {
              "type": "integer"
            },
            {
              "type": "null"
            }
          ]
        }
      }
    }
  }
}
