{
  "$schema": "http://json-schema.org/draft-07/schema#",
  "$ref": "#/definitions/SalesOrderProductReason",
  "definitions": {
    "SalesOrderProductReason": {
      "type": "object",
      "example": {
        "id": "in ullamco adipisicing tempor",
        "name": "adipisicing ex et",
        "salesOrderProductReasonCategory": [
          {
            "id": "incididunt",
            "name": "minim"
          }
        ]
      },
      "additionalProperties": true,
      "required": [
        "name",
        "id"
      ],
      "properties": {
        "id": {
          "anyOf": [
            {
              "type": "string"
            },
            {
              "type": "null"
            }
          ]
        },
        "name": {
          "type": "string"
        },
        "salesOrderProductReasonCategory": {
          "type": "array",
          "items": {
            "type": "object",
            "additionalProperties": true,
            "required": [
              "id",
              "name"
            ],
            "properties": {
              "id": {
                "anyOf": [
                  {
                    "type": "string"
                  },
                  {
                    "type": "null"
                  }
                ]
              },
              "name": {
                "type": "string"
              }
            }
          }
        }
      }
    }
  }
}
