{
   "countryName":"Japan",
   "countryCode": "JP",
   "historicData":[
      {
         "date":"2020-05-19",
         "deathCt":0,
         "reportedCt":0,
         "activeCaseCt":0,
         "recoveredCt":0
      },
      {
         "date":"2020-05-18",
         "deathCt":0,
         "reportedCt":0,
         "activeCaseCt":0,
         "recoveredCt":0
      },
      {
         "date":"2020-05-17",
         "deathCt":0,
         "reportedCt":0,
         "activeCaseCt":0,
         "recoveredCt":0
      },
      {
         "date":"2020-05-16",
         "deathCt":0,
         "reportedCt":0,
         "activeCaseCt":0,
         "recoveredCt":0
      },
      {
         "date":"2020-05-15",
         "deathCt":0,
         "reportedCt":0,
         "activeCaseCt":0,
         "recoveredCt":0
      },
      {
         "date":"2020-05-14",
         "deathCt":0,
         "reportedCt":0,
         "activeCaseCt":0,
         "recoveredCt":0
      },
      {
         "date":"2020-05-13",
         "deathCt":0,
         "reportedCt":0,
         "activeCaseCt":0,
         "recoveredCt":0
      },
      {
         "date":"2020-05-12",
         "deathCt":0,
         "reportedCt":0,
         "activeCaseCt":0,
         "recoveredCt":0
      }
   ]
}