{
    "Disclaimer": "\"The following is provided as of [REPORTDATE], reported by [SOURCE] and [SOURCE]\"",
    "Source1": "National Governors Association",
    "Policies_NGA": {
        "Reported_Date_Time": "",
        "Province_State_Code": "",
        "Province_State_Name": "",
        "Emergency_Declaration_Code": "",
        "National_Guard_Activation_Code": "",
        "State_Employee_Travel_Restriction_Code": "",
        "Gathering_Restriction_Code": "",
        "School_Closure_Code": "",
        "Non_Essential_Business_Closure_Code": "",
        "Non_Essential_Business_Closure_Partial_Code": "",
        "Non_Essential_Business_Declaration_Code": "",
        "Statewide_Curfew_Code": "",
        "Domestic_Travel_Restriction_Code": "",
        "Face_Covering_Policy_Code": "",
        "Major_Disaster_Declaration_Code": "",
        "Reopening_Plan_Code": "",
        "Reopening_Plan_URL": "",
        "Reopening_Task_Force_URL": ""
    },
    "Source2": "University of Washington",
    "Policies_UnivWashington": {
        "Policy_Name": "",
        "Report_Date": "",
        "Report_Release_Note_Text": "",
        "Global_Burden_Disease_Identifier": "",
        "Province_State_Code": "",
        "Province_State_Name": "",
        "Province_State_FIPS_Number": "",
        "Policy_Mandatory_Code": "",
        "Statewide_Geographic_Policy_Code": "",
        "Statewide_Population_Policy_Code": "",
        "Policy_Issue_Date": "",
        "Policy_Enactment_Date": "",
        "Policy_Expiry_Date": "",
        "Policy_End_Date": "",
        "Policy_Extended_Identifier": "",
        "Policy_Expanded_Identifier_": "",
        "Policy_Eased_Identifier": "",
        "Policy_Ended_Identifier": "",
        "Policy_Depended_Identifier": "",
        "Policy_Note_Text": "",
        "Policy_Source_URL": "",
        "Policy_Source_Identifier": "",
        "External_Record_Id": "",
        "Primary_Data_Source_Name": "",
        "Secondary_Data_Source_Name": ""
    }
}