{
	"Disclaimer": "\"The following is provided as of [REPORTDATE], reported by [SOURCE]\"",
	"Community_regulations": {
		"Gathering_Restriction_Code": "",
		"School_Closure_Code": "",
		"Non_Essential_Business_Closure_Code": "",
		"Social_Distancing_Requirement_Code": "",
		"Face_Covering_Policy_Code": "",
		"Bar_Restrictions_Code": "",
		"Reopening_Plan_Code": "",
		"Stay_at_Home_Requirement_Code": "",
		"Domestic_Travel_Restrictions_Code": "",
		"Restaurant_Restrictions_Code": ""
	},
	"Source": "Kaiser Family Foundation"
}