{
    "Disclaimer": "\"The following is provided as of [REPORTDATE], reported by [SOURCE]\"",
    "Community_regulations": {
        "Gathering_Restriction_Code": "",
        "School_Closure_Code": "",
        "Non_Essential_Business_Closure_Code": "",
        "Social_Distancing_Requirement_Code": "",
        "Face_Covering_Policy_Code": "",
        "Bar_Restrictions_Code": "",
        "Reopening_Plan_Code": "",
        "Stay_at_Home_Requirement_Code": "",
        "Domestic_Travel_Restrictions_Code": "",
        "Restaurant_Restrictions_Code": "",
        "Report_Date": "",
        "Country_Alpha_3_Code": "",
        "Country_Short_Name": "",
        "Gathering_Restriction_Notes_": "",
        "School_Closure_Notes": "",
        "Non_Essential_Business_Closure_Notes": "",
        "Public_Event_Cancellation_Code": "",
        "Public_Event_Cancellation_Notes_": "",
        "Public_Transport_Closure_Code": "",
        "Public_Transport_Closure_Notes": "",
        "Stay_at_Home_Requirement_Notes": "",
        "Domestic_Travel_Restrictions_Notes": "",
        "International_Travel_Restrictions_Code": "",
        "International_Travel_Restrictions_Notes": "",
        "Income_Support_Code": "",
        "Income_Support_Notes": "",
        "Debt_Contract_Relief_Code": "",
        "Debt_Contract_Relief_Notes": "",
        "Fiscal_Measures_Code": "",
        "Fiscal_Measures_Notes": "",
        "Fiscal_International_Policy_Code": "",
        "Fiscal_International_Policy_Notes": "",
        "Public_Information_Campaigns_Code": "",
        "Public_Information_Campaign_Notes": "",
        "Testing_Policy_Code": "",
        "Testing_Policy_Notes": "",
        "Contact_Tracing_Policy_Code": "",
        "Contact_Tracing_Policy_Notes_Txt": "",
        "Emergency_Investment_In_Healthcare_Code": "",
        "Emergency_InvestmentIn_Healthcare_Notes": "",
        "Investment_In_Vaccines_Code": "",
        "Investment_In_Vaccines_Notes": "",
        "Other_Policy_Code": "",
        "Other_Policy_Notes": "",
        "Policy_Stringency_Index_Code": "",
        "Government_Response_Index_Code": "",
        "Containment_And_Health_Policy_Index_Code": "",
        "Economic_Support_Policies_Index_Code": ""
    },
    "Source": "University of Oxford"
}