{
   "stateName":"California",
   "stateCode": "CA",
   "historicData":[
      {
         "date":"2020-05-19",
         "deathCt":0,
         "reportedCt":0,
         "activeCaseCt":0,
         "recoveredCt":0,
         "peoplePositiveCasesCt": 0,
         "peoplePositiveNewCasesCt": 0,
         "peopleNegativeCasesCt":0,
         "peopleNegativeNewCt": 0,
         "peoplePendingCasesCt": 0,
         "peopleDeathNewCt": 0,
         "peopleHospCurrentlyCt": 0,
         "peopleHospNewCt": 0,
         "peopleHospCumlCt": 0,
         "peopleInIntnsvCareCurrCt": 0,
         "peopleInIntnsvCareCumlCt": 0,
         "peopleIntubatedCurrentlyCt": 0,
         "peopleIntubatedCumulativeCt": 0
      },
      {
         "date":"2020-05-18",
         "deathCt":0,
         "reportedCt":0,
         "activeCaseCt":0,
         "recoveredCt":0,
         "peoplePositiveCasesCt": 0,
         "peoplePositiveNewCasesCt": 0,
         "peopleNegativeCasesCt":0,
         "peopleNegativeNewCt": 0,
         "peoplePendingCasesCt": 0,
         "peopleDeathNewCt": 0,
         "peopleHospCurrentlyCt": 0,
         "peopleHospNewCt": 0,
         "peopleHospCumlCt": 0,
         "peopleInIntnsvCareCurrCt": 0,
         "peopleInIntnsvCareCumlCt": 0,
         "peopleIntubatedCurrentlyCt": 0,
         "peopleIntubatedCumulativeCt": 0
      },
      {
         "date":"2020-05-17",
         "deathCt":0,
         "reportedCt":0,
         "activeCaseCt":0,
         "recoveredCt":0,
         "peoplePositiveCasesCt": 0,
         "peoplePositiveNewCasesCt": 0,
         "peopleNegativeCasesCt":0,
         "peopleNegativeNewCt": 0,
         "peoplePendingCasesCt": 0,
         "peopleDeathNewCt": 0,
         "peopleHospCurrentlyCt": 0,
         "peopleHospNewCt": 0,
         "peopleHospCumlCt": 0,
         "peopleInIntnsvCareCurrCt": 0,
         "peopleInIntnsvCareCumlCt": 0,
         "peopleIntubatedCurrentlyCt": 0,
         "peopleIntubatedCumulativeCt": 0
      },
      {
         "date":"2020-05-16",
         "deathCt":0,
         "reportedCt":0,
         "activeCaseCt":0,
         "recoveredCt":0,
         "peoplePositiveCasesCt": 0,
         "peoplePositiveNewCasesCt": 0,
         "peopleNegativeCasesCt":0,
         "peopleNegativeNewCt": 0,
         "peoplePendingCasesCt": 0,
         "peopleDeathNewCt": 0,
         "peopleHospCurrentlyCt": 0,
         "peopleHospNewCt": 0,
         "peopleHospCumlCt": 0,
         "peopleInIntnsvCareCurrCt": 0,
         "peopleInIntnsvCareCumlCt": 0,
         "peopleIntubatedCurrentlyCt": 0,
         "peopleIntubatedCumulativeCt": 0
      },
      {
         "date":"2020-05-15",
         "deathCt":0,
         "reportedCt":0,
         "activeCaseCt":0,
         "recoveredCt":0,
         "peoplePositiveCasesCt": 0,
         "peoplePositiveNewCasesCt": 0,
         "peopleNegativeCasesCt":0,
         "peopleNegativeNewCt": 0,
         "peoplePendingCasesCt": 0,
         "peopleDeathNewCt": 0,
         "peopleHospCurrentlyCt": 0,
         "peopleHospNewCt": 0,
         "peopleHospCumlCt": 0,
         "peopleInIntnsvCareCurrCt": 0,
         "peopleInIntnsvCareCumlCt": 0,
         "peopleIntubatedCurrentlyCt": 0,
         "peopleIntubatedCumulativeCt": 0
      },
      {
         "date":"2020-05-14",
         "deathCt":0,
         "reportedCt":0,
         "activeCaseCt":0,
         "recoveredCt":0,
         "peoplePositiveCasesCt": 0,
         "peoplePositiveNewCasesCt": 0,
         "peopleNegativeCasesCt":0,
         "peopleNegativeNewCt": 0,
         "peoplePendingCasesCt": 0,
         "peopleDeathNewCt": 0,
         "peopleHospCurrentlyCt": 0,
         "peopleHospNewCt": 0,
         "peopleHospCumlCt": 0,
         "peopleInIntnsvCareCurrCt": 0,
         "peopleInIntnsvCareCumlCt": 0,
         "peopleIntubatedCurrentlyCt": 0,
         "peopleIntubatedCumulativeCt": 0
      },
      {
         "date":"2020-05-13",
         "deathCt":0,
         "reportedCt":0,
         "activeCaseCt":0,
         "recoveredCt":0,
         "peoplePositiveCasesCt": 0,
         "peoplePositiveNewCasesCt": 0,
         "peopleNegativeCasesCt":0,
         "peopleNegativeNewCt": 0,
         "peoplePendingCasesCt": 0,
         "peopleDeathNewCt": 0,
         "peopleHospCurrentlyCt": 0,
         "peopleHospNewCt": 0,
         "peopleHospCumlCt": 0,
         "peopleInIntnsvCareCurrCt": 0,
         "peopleInIntnsvCareCumlCt": 0,
         "peopleIntubatedCurrentlyCt": 0,
         "peopleIntubatedCumulativeCt": 0
      },
      {
         "date":"2020-05-12",
         "deathCt":0,
         "reportedCt":0,
         "activeCaseCt":0,
         "recoveredCt":0,
         "peoplePositiveCasesCt": 0,
         "peoplePositiveNewCasesCt": 0,
         "peopleNegativeCasesCt":0,
         "peopleNegativeNewCt": 0,
         "peoplePendingCasesCt": 0,
         "peopleDeathNewCt": 0,
         "peopleHospCurrentlyCt": 0,
         "peopleHospNewCt": 0,
         "peopleHospCumlCt": 0,
         "peopleInIntnsvCareCurrCt": 0,
         "peopleInIntnsvCareCumlCt": 0,
         "peopleIntubatedCurrentlyCt": 0,
         "peopleIntubatedCumulativeCt": 0
      }
   ]
}