{
  "zipCd": "01011",
  "geo": {
    "leftTopLatLong": 50,
    "rightTopLatLong": 0, 
    "leftBottomLatLong": 0, 
    "rightBottomLatLong": 50
  },
  "counties": [
    {
      "countyName": "Hampden",
      "reportedCt": 100,
      "deathCt": 50,
      "recoveredCt": 50
    },
    {
      "countyName": "Hampshire",
      "reportedCt": 50,
      "deathCt": 2,
      "recoveredCt": 48
    },
    {
      "countyName": "Berkshire",
      "reportedCt": 72,
      "deathCt": 10,
      "recoveredCt": 62
    }    
  ] 
}