{
   "zipCd":"63651",
   "counties":[
      {
         "countyName":"St. Francois County",
         "geo":{
            "rightTopLatLong":-80.3677130000,
            "leftBottomLatLong":37.6754420000,
            "leftTopLatLong":37.6754420000,
            "rightBottomLatLong":-80.3677130000
         },
         "historicData":[
            {
               "date":"2020-05-18",
               "deathCt":2,
               "reportedCt":30,
               "recoveredCt":0
            },
            {
               "date":"2020-05-17",
               "deathCt":2,
               "reportedCt":30,
               "recoveredCt":0
            },
            {
               "date":"2020-05-16",
               "deathCt":2,
               "reportedCt":30,
               "recoveredCt":0
            },
            {
               "date":"2020-05-15",
               "deathCt":2,
               "reportedCt":30,
               "recoveredCt":0
            },
            {
               "date":"2020-05-14",
               "deathCt":2,
               "reportedCt":30,
               "recoveredCt":0
            },
            {
               "date":"2020-05-13",
               "deathCt":1,
               "reportedCt":30,
               "recoveredCt":0
            },
            {
               "date":"2020-05-12",
               "deathCt":1,
               "reportedCt":30,
               "recoveredCt":0
            }
         ]
      }
   ]
}