{
  "contactPointType": [
    {
      "id": "veniam aliquip sint anim",
      "name": "exercitation eiusmod incididunt ullamco velit",
      "optInPriority": 15551728
    },
    {
      "id": "commodo dolor sit dolore cupidatat",
      "name": "Excepteur",
      "optInPriority": -52887364
    },
    {
      "id": "est laboris in aute",
      "name": "in eiusmod elit sit"
    },
    {
      "id": "anim consectetur consequat",
      "name": "deserunt occaecat",
      "optInPriority": 76551540
    },
    {
      "id": "laborum ad culpa esse",
      "name": "laborum pariatur elit laboris"
    },
    {
      "id": "elit Lorem sunt",
      "name": "in sed",
      "optInPriority": 48722252
    },
    {
      "id": "dolore",
      "name": "esse nostrud"
    },
    {
      "id": "ipsum occaecat",
      "name": "tempor anim",
      "optInPriority": -89221809
    },
    {
      "id": "quis incididunt commodo laborum",
      "name": "nulla non deserunt consectetur Lorem"
    },
    {
      "id": "ullamco eiusmod",
      "name": "non sit pariatur",
      "optInPriority": 32869574
    },
    {
      "id": "est culpa eu",
      "name": "quis",
      "optInPriority": -22601783
    },
    {
      "id": "eu labore",
      "name": "nisi velit elit minim"
    },
    {
      "id": "tempor cillum minim",
      "name": "in",
      "optInPriority": -21740208
    },
    {
      "id": "Duis dolor irure et ipsum",
      "name": "sit magna enim officia pariatur",
      "optInPriority": 59063725
    },
    {
      "id": "mollit exercitation ad",
      "name": "consequat",
      "optInPriority": 45992508
    },
    {
      "id": "in aliquip laboris",
      "name": "aliqua mollit ullamco Ut commodo"
    },
    {
      "id": "do laboris",
      "name": "velit Ut"
    },
    {
      "id": "incididunt culpa ut amet",
      "name": "dolore incididunt ullamco dolor",
      "optInPriority": -31000960
    },
    {
      "id": "Duis voluptate ad reprehenderit",
      "name": "sint amet esse"
    },
    {
      "id": "sed minim nostrud in",
      "name": "consequat"
    },
    {
      "id": "qui incididunt reprehenderit sint",
      "name": "pariatur magna consequat",
      "optInPriority": 46048334
    },
    {
      "id": "eiusmod Lorem",
      "name": "aliquip mollit elit",
      "optInPriority": -51149464
    },
    {
      "id": "ea laboris sed tempor amet",
      "name": "sed dolore"
    },
    {
      "id": "anim dolore cillum in consectetur",
      "name": "est"
    },
    {
      "id": "qui in deserunt",
      "name": "ex mollit",
      "optInPriority": 65242913
    },
    {
      "id": "quis sit in anim",
      "name": "fugiat dolore cupidatat sed in"
    },
    {
      "id": "deserunt minim",
      "name": "irure sit qui anim dolore",
      "optInPriority": -45169548
    },
    {
      "id": "exercitation",
      "name": "sit eu Lorem ullamco magna",
      "optInPriority": -21602308
    },
    {
      "id": "veniam",
      "name": "qui veniam ut sed"
    },
    {
      "id": "consequat pariatur Excepteur adipisicing",
      "name": "minim"
    },
    {
      "id": "consequat culpa ex",
      "name": "est eiusmod",
      "optInPriority": 12575276
    },
    {
      "id": "consectetur",
      "name": "aliquip anim dolore",
      "optInPriority": 39051153
    },
    {
      "id": "veniam esse elit non incididunt",
      "name": "deserunt Duis"
    },
    {
      "id": "nostrud ipsum mollit dolor",
      "name": "dolore",
      "optInPriority": -34310502
    },
    {
      "id": "cupidatat enim",
      "name": "elit nisi adipisicing quis",
      "optInPriority": 60930883
    },
    {
      "id": "in in qui enim",
      "name": "labore",
      "optInPriority": -90864927
    },
    {
      "id": "aute magna veniam irure in",
      "name": "sint velit dolore"
    },
    {
      "id": "nulla dolore quis",
      "name": "Duis"
    },
    {
      "id": "quis eu sed pariatur",
      "name": "aute fugiat officia"
    },
    {
      "id": "eu",
      "name": "cillum elit fugiat"
    },
    {
      "id": "sit ipsum dolor",
      "name": "culpa Ut adipisicing consequat",
      "optInPriority": 66698477
    },
    {
      "id": "pariatur aute",
      "name": "Ut consequat",
      "optInPriority": -18257076
    },
    {
      "id": "exercitation nulla et in Excepteur",
      "name": "do Ut ex nulla",
      "optInPriority": 92739978
    },
    {
      "id": "adipisicing sint minim",
      "name": "dolore fugiat ad",
      "optInPriority": 38326273
    },
    {
      "id": "nisi proident et dolor voluptate",
      "name": "nisi culpa",
      "optInPriority": 65417066
    },
    {
      "id": "labore",
      "name": "irure mollit ex"
    },
    {
      "id": "elit deserunt",
      "name": "ex voluptate",
      "optInPriority": -53759017
    },
    {
      "id": "ut cillum laboris magna",
      "name": "sit dolor veniam"
    },
    {
      "id": "sunt eu fugiat",
      "name": "ex"
    },
    {
      "id": "non",
      "name": "consectetur ea",
      "optInPriority": -10794421
    },
    {
      "id": "in",
      "name": "amet in sint",
      "optInPriority": 86841164
    },
    {
      "id": "esse",
      "name": "reprehenderit deserunt non anim"
    },
    {
      "id": "deserunt",
      "name": "qui officia dolor",
      "optInPriority": 20484004
    },
    {
      "id": "occaecat nostrud",
      "name": "consequat ad Lorem esse",
      "optInPriority": 36129121
    },
    {
      "id": "labore anim in",
      "name": "elit occaecat in"
    },
    {
      "id": "sunt nostrud nisi",
      "name": "proident sed pariatur cillum",
      "optInPriority": 7006244
    },
    {
      "id": "minim in velit",
      "name": "deserunt",
      "optInPriority": -95515186
    },
    {
      "id": "officia ut Excepteur",
      "name": "velit qui"
    },
    {
      "id": "ipsum nulla culpa consequat",
      "name": "aliquip culpa elit",
      "optInPriority": 20434174
    },
    {
      "id": "dolore in",
      "name": "eu elit esse",
      "optInPriority": -3245926
    },
    {
      "id": "veniam non Excepteur",
      "name": "laborum Lorem aliqua anim",
      "optInPriority": -63066048
    },
    {
      "id": "id",
      "name": "laboris in esse pariatur reprehenderit"
    },
    {
      "id": "irure ipsum culpa amet aliqua",
      "name": "sunt officia ut esse qui",
      "optInPriority": 40308703
    },
    {
      "id": "nulla proident cupidatat dolore",
      "name": "est amet aliqua dolore",
      "optInPriority": 30090836
    },
    {
      "id": "dolore veniam voluptate in",
      "name": "sit non Lorem anim"
    },
    {
      "id": "occaecat irure dolor Ut",
      "name": "enim veniam proident dolore"
    },
    {
      "id": "et magna ipsum Lorem",
      "name": "ut"
    },
    {
      "id": "qui occaecat nulla",
      "name": "ex cupidatat labore nisi ut",
      "optInPriority": 74880532
    },
    {
      "id": "tempor et cupidatat",
      "name": "dolor fugiat",
      "optInPriority": 33114880
    },
    {
      "id": "ipsum commodo ut",
      "name": "dolor"
    },
    {
      "id": "adipisicing labore ea non cillum",
      "name": "mollit"
    },
    {
      "id": "esse velit Lorem cillum id",
      "name": "in consectetur"
    }
  ],
  "id": "officia reprehenderit",
  "activeFromDate": "2011-06-14",
  "party": [
    "eiusmod in reprehenderit sint",
    "anim Duis cillum dolore sed",
    "dolore sed consequat",
    "sint",
    "commodo",
    "irure occaecat dolore sunt nisi",
    "dolore ullamco elit ut consequat",
    "sint veniam id",
    "dolor labore exercitation sunt ad",
    "cupidatat consequat dolor minim laborum",
    "amet velit aliquip",
    "mollit nulla anim ut labore",
    "ut",
    "reprehenderit incididunt",
    "non enim officia",
    "do commodo sint fugiat",
    "in est nulla",
    "officia",
    "ex dolor",
    "aliqua esse velit",
    "labore in consequat",
    "Lorem deserunt aliqua adipisicing Duis",
    "eiusmod magna",
    "do",
    "dolore adipisicing aute nulla est",
    "et esse pariatur",
    "sunt",
    "exercitation",
    "ea occaecat in",
    "pariatur irure nisi",
    "in pariatur consectetur in",
    "eiusmod amet esse irure cillum",
    "laboris esse dolore et proident",
    "deserunt",
    "ut tempor id non",
    "nulla ex voluptate Duis",
    "cillum eiusmod do commodo deserunt",
    "consequat et dolore anim",
    "nostrud do ut",
    "cillum ut consectetur ad irure",
    "anim ut non culpa",
    "mollit",
    "nostrud ad commodo",
    "consectetur",
    "qui eu",
    "eu dolore incididunt dolor ut",
    "occaecat et deserunt",
    "elit minim",
    "cillum nisi ad id qui",
    "ut exercitation",
    "sunt Ut",
    "sint voluptate mollit",
    "aliquip",
    "dolore",
    "velit sunt reprehenderit est",
    "ipsum ad in pariatur",
    "dolor aliquip culpa adipisicing mollit",
    "consequat amet ullamco magna",
    "ea amet aliqua",
    "consequat labore anim",
    "in",
    "laboris exercitation Lorem ut enim",
    "aliqua commodo dolore Ut",
    "veniam cillum id incididunt deserunt",
    "ut magna reprehenderit ut non",
    "sit ullamco deserunt reprehenderit",
    "voluptate sunt eu magna",
    "elit Ut irure laboris",
    "do enim cillum",
    "labore enim dolore",
    "deserunt consequat Excepteur",
    "nostrud Duis",
    "dolor aliquip dolor laborum",
    "velit in fugiat sed anim",
    "elit magna sunt",
    "Duis tempor",
    "Lorem mollit ex",
    "esse sunt incididunt exercitation",
    "minim Lorem aliquip",
    "incididunt ad consequat sunt",
    "occaecat ut dolor qui",
    "magna qui aute ex",
    "anim non dolor",
    "eu dolore",
    "amet nostrud esse in dolor",
    "deserunt aute velit tempor reprehenderit"
  ],
  "profileFirstCreatedDate": "00:01:01",
  "partyRole": [
    "ex fugiat deserunt proident est",
    "sit minim",
    "velit",
    "et dolor nostrud est esse",
    "elit esse commodo nostrud ad",
    "eiusmod Ut sit",
    "in",
    "veniam ut aliqua sit",
    "do adipisicing sit anim irure",
    "est",
    "commodo ullamco nostrud occaecat",
    "enim",
    "et laborum",
    "et anim aliqua quis",
    "minim",
    "cupidatat minim",
    "magna",
    "tempor amet enim",
    "ea enim",
    "labore anim",
    "culpa consequat",
    "laborum",
    "ea non",
    "esse",
    "cupidatat",
    "elit consequat commodo officia",
    "esse nisi",
    "incididunt ullamco",
    "nostrud id dolor dolor",
    "amet dolor",
    "sed nisi pariatur",
    "elit labore et",
    "in magna enim Lorem",
    "irure sed Lorem",
    "qui amet dolor nostrud quis",
    "dolor pariatur est",
    "non exercitation amet nulla officia",
    "non",
    "in id nulla velit enim",
    "dolor ipsum pariatur",
    "ullamco",
    "consequat nulla",
    "aliqua mollit ad",
    "et amet reprehenderit laboris velit",
    "id amet sunt dolor",
    "ad",
    "cillum",
    "adipisicing tempor",
    "consectetur",
    "in",
    "sed irure",
    "nisi aute",
    "adipisicing ea"
  ],
  "primaryFlag": false,
  "bestTimeToContactEndTime": "00:01:01",
  "forBusinessUse": true
}
