{
  "emailAddress": "consectetur",
  "contactPointType": [
    {
      "id": "ut in anim adipisicing",
      "name": "irure",
      "optInPriority": -74369706
    },
    {
      "id": "ipsum dolore",
      "name": "aliqua"
    },
    {
      "id": "adipisicing nisi Excepteur laboris",
      "name": "irure",
      "optInPriority": 9380140
    },
    {
      "id": "commodo",
      "name": "velit laboris tempor"
    },
    {
      "id": "ipsum elit qui ullamco nulla",
      "name": "proident irure fugiat commodo"
    },
    {
      "id": "labore consequat deserunt",
      "name": "ipsum enim ad laborum",
      "optInPriority": 9064277
    },
    {
      "id": "Excepteur nulla do",
      "name": "id in deserunt tempor"
    },
    {
      "id": "et pariatur",
      "name": "in dolor magna Excepteur veniam",
      "optInPriority": 4638421
    },
    {
      "id": "Lorem dolor qui dolor esse",
      "name": "esse dolore tempor anim Ut",
      "optInPriority": 65285245
    }
  ],
  "id": "aliqua exercitation",
  "activeFromDate": "1962-08-31",
  "party": [
    "officia cillum veniam eu",
    "dolore",
    "aute esse proident",
    "Duis",
    "nulla dolor tempor in culpa",
    "esse sint eu",
    "consequat nostrud cillum aliquip",
    "dolor pariatur culpa",
    "eiusmod esse mollit dolor ut",
    "sint ad cillum",
    "ullamco nostrud",
    "nulla",
    "nostrud laboris officia ipsum irure",
    "dolor",
    "in tempor officia Excepteur",
    "in elit sunt irure",
    "est sunt Excepteur aliqua",
    "minim incididunt reprehenderit",
    "dolore",
    "Lorem dolor veniam adipisicing incididunt",
    "in",
    "nulla in ex",
    "non mollit Excepteur",
    "Lorem amet reprehenderit fugiat",
    "nisi",
    "eu in",
    "Duis Ut fugiat aute",
    "voluptate ut veniam",
    "magna",
    "ut ad",
    "ad reprehenderit Lorem voluptate",
    "aliquip sunt cillum aliqua sint",
    "quis aliqua commodo"
  ],
  "bestTimeToContactStartTime": "00:01:01",
  "profileOccurrenceCount": 43042902,
  "emailDomain": "Duis velit",
  "emailLatestBounceDateTime": "2000-01-16",
  "forBusinessUse": true,
  "bestTimeToContactEndTime": "00:01:01",
  "activeToDate": "1959-07-14",
  "profileFirstCreatedDate": "00:01:01",
  "primaryFlag": false,
  "emailMailBox": "proident do consequat dolor cupidatat",
  "profileLastUpdatedDate": "00:01:01"
}
