{
  "contactPointType": [
    {
      "id": "cupidatat deserunt eiusmod eu",
      "name": "minim qui"
    },
    {
      "id": "sed est voluptate",
      "name": "veniam eu",
      "optInPriority": -99710011
    },
    {
      "id": "consequat mollit irure Excepteur",
      "name": "deserunt dolore ex reprehenderit adipisicing"
    },
    {
      "id": "velit",
      "name": "velit aliqua"
    },
    {
      "id": "exercitation ut adipisicing",
      "name": "officia in ea minim ullamco"
    },
    {
      "id": "laborum est aliqua",
      "name": "adipisicing incididunt",
      "optInPriority": 91519769
    },
    {
      "id": "do in",
      "name": "dolore amet dolore voluptate Duis",
      "optInPriority": 84950078
    },
    {
      "id": "labore id",
      "name": "et",
      "optInPriority": -5860332
    },
    {
      "id": "quis qui esse ad",
      "name": "Excepteur ea irure exercitation reprehenderit"
    },
    {
      "id": "in sit quis",
      "name": "elit dolore"
    },
    {
      "id": "dolore commodo incididunt nostrud",
      "name": "ea est",
      "optInPriority": 99343624
    },
    {
      "id": "reprehenderit in ipsum Excepteur",
      "name": "in dolore sunt consequat"
    },
    {
      "id": "enim non cupidatat consequat aute",
      "name": "irure",
      "optInPriority": 12094649
    },
    {
      "id": "esse id ex Ut anim",
      "name": "deserunt exercitation labore laborum adipisicing",
      "optInPriority": -73340373
    },
    {
      "id": "commodo",
      "name": "Excepteur sunt esse eiusmod"
    },
    {
      "id": "dolore dolor",
      "name": "elit",
      "optInPriority": -41344600
    },
    {
      "id": "sit",
      "name": "ea est proident elit"
    },
    {
      "id": "in mollit",
      "name": "ipsum"
    },
    {
      "id": "deserunt",
      "name": "ea qui id aute veniam"
    },
    {
      "id": "mollit adipisicing et quis elit",
      "name": "incididunt irure nisi eu exercitation",
      "optInPriority": -66556843
    },
    {
      "id": "veniam deserunt",
      "name": "consectetur occaecat laboris eiusmod",
      "optInPriority": -32720202
    },
    {
      "id": "nulla",
      "name": "dolore dolore et"
    },
    {
      "id": "magna",
      "name": "ullamco minim sed esse dolore",
      "optInPriority": 71873910
    },
    {
      "id": "labore exercitation tempor",
      "name": "sunt officia dolor anim Ut",
      "optInPriority": -78461312
    },
    {
      "id": "amet ullamco",
      "name": "in mollit",
      "optInPriority": 56503480
    },
    {
      "id": "quis occaecat reprehenderit anim",
      "name": "labore aliqua"
    },
    {
      "id": "est sed elit",
      "name": "pariatur cillum in",
      "optInPriority": -10192086
    },
    {
      "id": "fugiat nisi eu Lorem reprehenderit",
      "name": "in laborum enim cupidatat deserunt"
    },
    {
      "id": "adipisicing",
      "name": "aliqua occaecat reprehenderit nostrud"
    },
    {
      "id": "amet ad ex occaecat",
      "name": "ipsum in magna aliquip",
      "optInPriority": 71569252
    },
    {
      "id": "sint mollit Ut velit",
      "name": "qui Lorem id ad eiusmod",
      "optInPriority": -24892505
    },
    {
      "id": "sint",
      "name": "minim dolore",
      "optInPriority": -48255292
    },
    {
      "id": "do ut commodo id",
      "name": "sint culpa fugiat",
      "optInPriority": 42527408
    },
    {
      "id": "commodo nostrud do eu",
      "name": "id dolore"
    },
    {
      "id": "fugiat et in",
      "name": "dolore deserunt consectetur eu in"
    },
    {
      "id": "labore tempor",
      "name": "esse",
      "optInPriority": 39034206
    },
    {
      "id": "sunt reprehenderit aliqua culpa aute",
      "name": "qui Ut dolore ullamco aute"
    },
    {
      "id": "ipsum eiusmod minim mollit",
      "name": "do officia Ut Excepteur ipsum"
    },
    {
      "id": "Ut",
      "name": "dolore dolor minim"
    },
    {
      "id": "adipisicing incididunt amet pariatur occaecat",
      "name": "ut in Ut fugiat"
    },
    {
      "id": "dolore aliqua ut dolore",
      "name": "mollit fugiat ut",
      "optInPriority": 85287530
    },
    {
      "id": "est dolore mollit tempor eu",
      "name": "officia dolor enim"
    },
    {
      "id": "ipsum laborum fugiat",
      "name": "ipsum elit",
      "optInPriority": -34881820
    },
    {
      "id": "deserunt qui commodo",
      "name": "ipsum adipisicing proident"
    },
    {
      "id": "cupidatat dolor occaecat ipsum culpa",
      "name": "proident Excepteur ullamco in dolor"
    },
    {
      "id": "officia",
      "name": "dolor in",
      "optInPriority": -43232800
    },
    {
      "id": "laboris",
      "name": "consequat dolore id non",
      "optInPriority": 29609714
    },
    {
      "id": "esse culpa in do",
      "name": "commodo ex sunt"
    },
    {
      "id": "eu",
      "name": "sunt ea labore in"
    },
    {
      "id": "minim",
      "name": "culpa aute",
      "optInPriority": -69856025
    },
    {
      "id": "sunt deserunt commodo",
      "name": "quis consequat dolore proident",
      "optInPriority": -89027333
    },
    {
      "id": "nostrud dolor eiusmod ad",
      "name": "mollit dolore"
    },
    {
      "id": "in eiusmod elit reprehenderit",
      "name": "officia dolore irure",
      "optInPriority": 89207343
    },
    {
      "id": "ut non dolore in",
      "name": "magna voluptate ex"
    },
    {
      "id": "sed reprehenderit sint",
      "name": "in commodo aute qui",
      "optInPriority": 18009409
    },
    {
      "id": "est",
      "name": "ad laborum magna in",
      "optInPriority": -27729272
    },
    {
      "id": "eu dolore cillum",
      "name": "aliqua fugiat exercitation occaecat"
    },
    {
      "id": "sit",
      "name": "exercitation"
    },
    {
      "id": "eiusmod cupidatat",
      "name": "magna cillum veniam Ut ut"
    },
    {
      "id": "et commodo id enim",
      "name": "proident cillum nulla esse"
    },
    {
      "id": "eu ea dolore",
      "name": "anim",
      "optInPriority": -49818484
    },
    {
      "id": "ad in amet commodo cupidatat",
      "name": "sint dolor",
      "optInPriority": -37055461
    },
    {
      "id": "cillum enim in officia",
      "name": "exercitation proident nostrud laborum",
      "optInPriority": -97153049
    },
    {
      "id": "cupidatat aliquip",
      "name": "do",
      "optInPriority": -77998238
    },
    {
      "id": "quis do veniam ex",
      "name": "in",
      "optInPriority": 73211209
    },
    {
      "id": "Ut amet dolore",
      "name": "qui ipsum",
      "optInPriority": -87822323
    }
  ],
  "id": "laboris dolor fugiat occaecat",
  "activeFromDate": "2015-03-15",
  "forBusinessUse": false,
  "contactPhone": [
    "cillum aute",
    "dolor Duis amet commodo laboris",
    "culpa",
    "est ea adipisicing",
    "nisi",
    "pariatur nisi",
    "non",
    "sit irure aute dolor",
    "consectetur",
    "dolore",
    "in sed laboris commodo tempor",
    "irure velit elit",
    "aute qui consectetur et",
    "sunt",
    "laboris ut non",
    "id",
    "consectetur ullamco sit sint",
    "aute tempor",
    "adipisicing non Ut consectetur quis",
    "veniam dolore",
    "do velit officia sed",
    "ullamco anim pariatur",
    "velit aliqua",
    "ut sit",
    "velit est Lorem ut"
  ],
  "geoAccuracy": 6095955,
  "profileLastUpdatedDate": "00:01:01",
  "isUsedForShipping": true,
  "cityName": "velit cupidatat nisi voluptate dolore",
  "partyRole": [
    "in",
    "commodo proident nisi cupidatat",
    "labore consectetur enim",
    "cillum",
    "consectetur tempor non",
    "amet nulla",
    "aliqua esse do adipisicing",
    "labore est",
    "sunt",
    "dolore Lorem nulla tempor",
    "eu dolor",
    "ex exercitation in eu",
    "proident ut magna esse fugiat",
    "ex dolor aliquip nulla",
    "eu",
    "amet ea cupidatat est aliqua",
    "veniam sit ex ad labore",
    "occaecat aliqua qui",
    "reprehenderit",
    "tempor in irure laboris sed",
    "velit et tempor non veniam",
    "tempor dolore esse officia",
    "nostrud",
    "ipsum tempor aliqua esse",
    "Duis Lorem consectetur aliquip",
    "magna eiusmod",
    "Excepteur dolore",
    "aliquip in sed quis commodo",
    "aute nulla Duis consectetur",
    "pariatur minim",
    "cupidatat nostrud",
    "ex occaecat pariatur irure exercitation",
    "non occaecat consectetur laborum aliqua",
    "nulla dolore dolor pariatur laborum",
    "id fugiat",
    "consequat cillum dolore Excepteur Lorem",
    "Excepteur",
    "ad est",
    "irure",
    "aliqua",
    "cillum in",
    "elit ut",
    "in ipsum voluptate",
    "et sit",
    "nostrud in nisi laboris ea",
    "voluptate",
    "officia ut labore occaecat Ut",
    "fugiat",
    "consequat",
    "ad sunt quis mollit",
    "est sunt cillum",
    "reprehenderit",
    "amet",
    "incididunt",
    "eu in sunt ullamco dolore",
    "eiusmod sed qui pariatur magna",
    "amet culpa mollit reprehenderit fugiat",
    "dolor consectetur aliqua",
    "esse sint",
    "aliqua sint",
    "voluptate",
    "Lorem sit",
    "Ut ea cillum Duis aliquip",
    "sint labore enim",
    "proident ea et",
    "quis",
    "consectetur velit ad quis",
    "in Lorem nulla",
    "exercitation voluptate in",
    "qui voluptate",
    "tempor laborum veniam cillum consectetur",
    "sunt et",
    "ullamco Excepteur tempor mollit Lorem",
    "minim sed tempor cupidatat",
    "irure ut in ex",
    "sunt",
    "quis in enim commodo Duis",
    "dolor",
    "ut reprehenderit ad magna ut",
    "ullamco",
    "Ut sed ad consectetur",
    "eiusmod elit",
    "anim",
    "adipisicing in in in Excepteur",
    "eu",
    "ullamco aliqua est",
    "in ad aliquip",
    "laborum qui",
    "sit do adipisicing nisi nostrud",
    "proident culpa officia et",
    "ullamco est",
    "anim",
    "fugiat sed nulla",
    "ullamco culpa",
    "fugiat dolore Duis",
    "mollit nisi sit in exercitation"
  ],
  "profileFirstCreatedDate": "00:01:01",
  "addressLine1": "adipisicing ea laborum irure",
  "profileOccurrenceCount": -26730677,
  "activeToDate": "1976-10-01",
  "stateProvinceName": "et",
  "addressLine4": "et amet",
  "countryName": "tempor amet ad"
}
