{
  "contactPointType": [
    {
      "id": "Excepteur dolore pariatur magna",
      "name": "dolor labore exercitation aliquip"
    },
    {
      "id": "commodo",
      "name": "nostrud"
    },
    {
      "id": "sint nostrud",
      "name": "consequat ut ut"
    },
    {
      "id": "ex",
      "name": "eiusmod in minim commodo"
    },
    {
      "id": "sed aute",
      "name": "sint labore",
      "optInPriority": 16946711
    },
    {
      "id": "tempor ex officia",
      "name": "eiusmod eu ullamco"
    },
    {
      "id": "nisi",
      "name": "magna et ex qui"
    },
    {
      "id": "labore incididunt laboris non consectetur",
      "name": "consequat ipsum in dolor",
      "optInPriority": 14931627
    },
    {
      "id": "laboris",
      "name": "ut",
      "optInPriority": 32835715
    },
    {
      "id": "nostrud labore elit",
      "name": "do ea nostrud",
      "optInPriority": 8275519
    },
    {
      "id": "sit voluptate",
      "name": "do pariatur quis ea dolor"
    },
    {
      "id": "Lorem quis ullamco est laborum",
      "name": "eiusmod minim occaecat irure anim"
    },
    {
      "id": "aliqua ad ut labore",
      "name": "ipsum voluptate",
      "optInPriority": -2666765
    },
    {
      "id": "Excepteur sint veniam",
      "name": "est ullamco",
      "optInPriority": -77114215
    },
    {
      "id": "deserunt consectetur",
      "name": "ut quis ipsum est"
    },
    {
      "id": "dolor eiusmod Excepteur",
      "name": "ut exercitation id officia",
      "optInPriority": 19962872
    },
    {
      "id": "sit",
      "name": "eu",
      "optInPriority": 85767032
    },
    {
      "id": "deserunt velit tempor",
      "name": "Ut adipisicing occaecat",
      "optInPriority": -78068588
    },
    {
      "id": "dolor et ullamco sint officia",
      "name": "tempor nulla"
    },
    {
      "id": "ipsum est laborum officia",
      "name": "deserunt ut Lorem",
      "optInPriority": 99025524
    },
    {
      "id": "consectetur esse",
      "name": "Lorem"
    },
    {
      "id": "ex",
      "name": "in ex Lorem officia"
    },
    {
      "id": "anim",
      "name": "dolor est velit",
      "optInPriority": -76718110
    },
    {
      "id": "dolor enim ut commodo",
      "name": "amet laboris",
      "optInPriority": -57306282
    },
    {
      "id": "minim occaecat",
      "name": "et incididunt"
    },
    {
      "id": "adipisicing in labore ullamco",
      "name": "sit in esse laborum Ut"
    },
    {
      "id": "proident non enim ullamco",
      "name": "laboris ex quis est"
    },
    {
      "id": "velit sint",
      "name": "nostrud anim in eiusmod",
      "optInPriority": 16536830
    },
    {
      "id": "minim amet voluptate",
      "name": "tempor",
      "optInPriority": 167943
    },
    {
      "id": "anim id voluptate in consequat",
      "name": "ea",
      "optInPriority": 22409324
    },
    {
      "id": "dolor",
      "name": "ut ipsum",
      "optInPriority": 68576433
    },
    {
      "id": "dolore non qui occaecat reprehenderit",
      "name": "incididunt ex ullamco fugiat sit"
    },
    {
      "id": "commodo",
      "name": "quis dolore deserunt fugiat"
    },
    {
      "id": "eiusmod nulla consectetur aliquip",
      "name": "do ut dolor"
    },
    {
      "id": "eiusmod",
      "name": "fugiat anim nulla"
    },
    {
      "id": "do qui in esse",
      "name": "consectetur"
    },
    {
      "id": "aliquip proident elit eiusmod dolor",
      "name": "sint nostrud in"
    },
    {
      "id": "commodo irure officia ut enim",
      "name": "dolore ad sunt eu ea"
    },
    {
      "id": "velit deserunt aliqua in quis",
      "name": "exercitation Ut in deserunt occaecat"
    },
    {
      "id": "tempor in dolor ex",
      "name": "proident"
    },
    {
      "id": "cupidatat ut cillum",
      "name": "laboris nulla",
      "optInPriority": -85143993
    },
    {
      "id": "Ut in",
      "name": "proident esse"
    },
    {
      "id": "aliqua",
      "name": "in ullamco ad aute",
      "optInPriority": 33470682
    },
    {
      "id": "ut irure",
      "name": "in",
      "optInPriority": 812781
    },
    {
      "id": "irure laborum ullamco quis",
      "name": "laborum id"
    },
    {
      "id": "sunt",
      "name": "et ipsum deserunt mollit"
    },
    {
      "id": "do ipsum ullamco quis",
      "name": "proident Duis sed sint",
      "optInPriority": 98614460
    },
    {
      "id": "dolore nulla voluptate",
      "name": "dolore occaecat ut ad"
    },
    {
      "id": "anim Excepteur est minim eiusmod",
      "name": "ad id fugiat ex"
    },
    {
      "id": "ex do incididunt anim ea",
      "name": "sit consequat ipsum proident",
      "optInPriority": -43244814
    },
    {
      "id": "in commodo qui enim laborum",
      "name": "officia velit veniam commodo"
    },
    {
      "id": "ex amet qui",
      "name": "in non ad nisi esse"
    },
    {
      "id": "labore",
      "name": "deserunt nulla adipisicing"
    },
    {
      "id": "Duis in do",
      "name": "quis nisi aliquip reprehenderit enim",
      "optInPriority": 33390560
    },
    {
      "id": "ipsum Lorem",
      "name": "ut mollit",
      "optInPriority": -44124398
    },
    {
      "id": "quis exercitation dolore in eiusmod",
      "name": "esse fugiat"
    },
    {
      "id": "culpa",
      "name": "quis"
    },
    {
      "id": "est",
      "name": "non Excepteur aliquip"
    },
    {
      "id": "consequat in cillum tempor",
      "name": "voluptate nulla eu"
    },
    {
      "id": "ea",
      "name": "eiusmod"
    },
    {
      "id": "Lorem",
      "name": "officia consequat veniam fugiat enim"
    },
    {
      "id": "minim",
      "name": "aute",
      "optInPriority": 11556864
    },
    {
      "id": "proident non sunt id",
      "name": "nulla dolore"
    },
    {
      "id": "qui aute",
      "name": "id aliquip dolor do",
      "optInPriority": -62031171
    },
    {
      "id": "Lorem amet occaecat officia cupidatat",
      "name": "sunt Duis",
      "optInPriority": -12604527
    },
    {
      "id": "nulla consequat",
      "name": "ut",
      "optInPriority": -24636986
    },
    {
      "id": "dolor amet",
      "name": "do laborum est",
      "optInPriority": -46645957
    },
    {
      "id": "velit occaecat",
      "name": "ut ut tempor non",
      "optInPriority": -96898517
    },
    {
      "id": "qui officia ipsum laboris",
      "name": "amet"
    },
    {
      "id": "in",
      "name": "aliquip amet sit Ut commodo"
    },
    {
      "id": "in reprehenderit",
      "name": "cillum"
    },
    {
      "id": "deserunt",
      "name": "dolore do"
    }
  ],
  "id": "ut ipsum exercitation",
  "activeFromDate": "1987-11-25",
  "party": [
    "Ut pariatur ad ullamco tempor",
    "reprehenderit Lorem non magna"
  ],
  "activeToDate": "2016-04-14",
  "partyRole": [
    "dolore ex in nostrud",
    "pariatur Lorem",
    "cillum Duis",
    "nisi",
    "mollit anim occaecat",
    "in minim",
    "consectetur officia commodo occaecat",
    "dolore irure culpa Lorem",
    "deserunt nisi magna consequat ea",
    "Duis do Lorem sunt",
    "sint dolore deserunt commodo",
    "cupidatat aute laborum velit ipsum",
    "non id magna Duis",
    "id labore velit ea",
    "in",
    "amet fugiat culpa ut Duis",
    "aliquip esse dolore minim Excepteur",
    "in enim exercitation velit",
    "eiusmod pariatur",
    "ex labore",
    "consequat",
    "eu est",
    "mollit elit labore fugiat Duis",
    "quis pariatur consequat labore tempor",
    "in dolor",
    "Duis reprehenderit laborum",
    "adipisicing ullamco",
    "dolor enim pariatur nisi",
    "laboris adipisicing sint dolore deserunt",
    "ea ex",
    "amet",
    "ut velit pariatur ullamco",
    "aliquip adipisicing irure officia",
    "do est elit fugiat",
    "irure id in elit laboris",
    "ut irure",
    "exercitation ipsum dolor",
    "magna proident minim ut",
    "et",
    "nisi aute qui laboris nostrud",
    "amet",
    "ea sit sed Ut",
    "et aliquip amet adipisicing magna",
    "aute tempor laborum",
    "ut",
    "Ut velit veniam",
    "quis magna",
    "Duis et dolor",
    "aliqua est pariatur",
    "esse in enim culpa",
    "ut cupidatat veniam do"
  ]
}
