{
  "id": "voluptate Ut esse commodo sunt",
  "leadSource": "velit voluptate in",
  "convertedToAccountContact": [
    "commodo aute nostrud eu quis",
    "deserunt ex consectetur culpa",
    "exercitation dolor in",
    "sunt ut irure Duis",
    "irure laborum fugiat",
    "elit laborum",
    "ipsum",
    "in",
    "Lorem",
    "qui aliquip in commodo aute",
    "in ipsum et elit",
    "laboris enim deserunt ea",
    "culpa in",
    "est",
    "in officia eiusmod",
    "elit sunt id esse dolore",
    "non",
    "nostrud non proident Duis",
    "veniam dolore ad",
    "minim ut Ut voluptate",
    "sint",
    "nisi sed aliquip laboris eiusmod",
    "eiusmod aute sunt pariatur"
  ],
  "companyName": "incididunt",
  "emailBouncedReason": "in",
  "contactPointEmail": [
    "Lorem",
    "voluptate nisi ut nostrud",
    "in Excepteur ad velit sunt",
    "nisi qui veniam",
    "Lorem aute ut irure",
    "consequat ex",
    "deserunt aute veniam elit",
    "do nulla consectetur",
    "eiusmod incididunt"
  ],
  "streetName": "commodo eiusmod",
  "annualRevenue": 31160774,
  "description": "anim nisi commodo",
  "mobileContactPhone": [
    "qui consequat deserunt",
    "id sint voluptate incididunt",
    "nisi Excepteur",
    "occaecat non cupidatat fugiat",
    "cupidatat tempor laborum exercitation deserunt",
    "in",
    "cupidatat",
    "nisi",
    "adipisicing",
    "Duis nisi mollit aute",
    "anim",
    "dolore consectetur",
    "enim in voluptate",
    "deserunt",
    "sit reprehenderit tempor mollit labore",
    "aliqua ea quis mollit officia",
    "nisi eiusmod magna aliquip",
    "enim",
    "in voluptate tempor cillum",
    "culpa cupidatat reprehenderit exercitation velit",
    "amet anim exercitation reprehenderit ad",
    "dolor nostrud Ut",
    "qui adipisicing do",
    "laboris ad",
    "Excepteur anim id sit in",
    "cillum est et dolore",
    "ullamco in",
    "in aliqua",
    "occaecat non",
    "qui nisi",
    "ullamco mollit",
    "magna exercitation",
    "nisi elit",
    "ipsum cupidatat enim elit labore",
    "veniam adipisicing",
    "labore sint dolore",
    "reprehenderit ad",
    "cillum",
    "in ut amet",
    "cupidatat sint",
    "sit sed Lorem Duis aliquip",
    "aute id Duis",
    "Lorem occaecat mollit pariatur",
    "proident reprehenderit Lorem",
    "laboris",
    "tempor do",
    "id sunt pariatur",
    "magna",
    "amet culpa minim",
    "irure ea",
    "in Excepteur do in Duis",
    "Duis",
    "commodo consectetur",
    "sint mollit adipisicing",
    "ex",
    "est ut et",
    "labore voluptate",
    "ex tempor eu",
    "voluptate",
    "anim sit non veniam tempor",
    "deserunt sunt",
    "et ad elit ea ipsum",
    "dolore irure dolor occaecat adipisicing",
    "ipsum",
    "dolore eiusmod",
    "sed",
    "ex aliquip fugiat occaecat",
    "ullamco dolore dolor esse fugiat",
    "ea incididunt veniam",
    "dolor",
    "Duis"
  ],
  "photoURL": "Excepteur",
  "website": "sint sed",
  "geoCodeAccuracy": 20416597,
  "isConverted": false,
  "lastActivityDate": "1953-04-07",
  "emailBouncedDate": "00:01:01"
}
