{
  "name": "ut in amet exercitation",
  "id": "Lorem nulla mollit Duis exercitation",
  "identificationNumber": "nulla esse labore",
  "partyIdentificationType": "labore in cupidatat Lorem",
  "verifiedDate": "1989-11-30",
  "partyRole": [
    "adipisicing dolore officia laboris ipsum",
    "Excepteur ipsum consectetur commodo",
    "est tempor dolore proident",
    "minim aliquip",
    "dolore fugiat aliqua tempor officia",
    "dolor esse fugiat culpa",
    "ut mollit exercitation in",
    "dolor non culpa anim do",
    "ipsum laboris in",
    "tempor amet sunt irure mollit",
    "aliquip qui Lorem commodo quis",
    "consequat occaecat non ad",
    "labore anim sed exercitation velit",
    "deserunt",
    "ea cillum",
    "id",
    "culpa anim Excepteur",
    "in quis",
    "non in nulla cupidatat ullamco",
    "amet velit",
    "commodo voluptate sit id aute",
    "id aliquip",
    "in",
    "sit",
    "nisi commodo laborum in nulla",
    "sunt in sint aliqua anim",
    "fugiat dolore",
    "officia Excepteur incididunt cupidatat",
    "enim",
    "et",
    "elit enim velit",
    "pariatur in esse aute tempor",
    "tempor aliqua quis",
    "tempor ut",
    "quis dolore amet aliqua dolore",
    "sed proident in tempor aliqua",
    "Excepteur",
    "dolor dolore",
    "ea",
    "ipsum",
    "qui fugiat",
    "dolore adipisicing elit",
    "est in esse pariatur officia",
    "in proident labore veniam",
    "anim ut incididunt ullamco",
    "aliquip adipisicing",
    "elit veniam sit quis aliquip",
    "sed nisi ad ut",
    "veniam mollit nostrud occaecat officia",
    "velit commodo ullamco in",
    "commodo adipisicing ex",
    "adipisicing sunt labore sed aute",
    "dolor elit",
    "adipisicing Duis occaecat",
    "aliquip dolore dolor",
    "commodo",
    "commodo et",
    "id",
    "ex labore",
    "adipisicing non officia ipsum ad",
    "dolor deserunt",
    "cupidatat sint",
    "ad laborum ut",
    "ipsum est aliqua"
  ],
  "issuedDate": "1990-08-11",
  "expiryDate": "1973-01-07",
  "issuedByAuthority": "eu velit adipisicing ad",
  "issuedAtLocation": "ex sint laboris esse"
}
