{
  "expirationDate": "2008-08-01",
  "totalPaymentCaptureAmount": 87676367,
  "paymentGatewayDate": "00:01:01",
  "paymentGatewayReferenceNumber": "Duis",
  "id": "laborum",
  "authorizationAmount": 73457330,
  "paymentAuthorizationProcessingMode": "ad amet dolor qui",
  "paymentAuthorizationNumber": "enim proident",
  "paymentGatewayResult": [
    {
      "id": "nulla nostrud officia",
      "name": "irure nisi ad",
      "description": "laborum mollit amet pariatur dolor"
    },
    {
      "id": "ea eiusmod do occaecat nulla",
      "name": "commodo",
      "description": "esse tempor elit Ut Lorem"
    },
    {
      "id": "quis consectetur veniam in ad",
      "name": "Lorem in",
      "description": "Ut pariatur culpa minim tempor"
    },
    {
      "id": "fugiat nulla",
      "name": "et esse qui aute nulla",
      "description": "commodo labore"
    },
    {
      "id": "Duis irure elit",
      "name": "eiusmod Duis pariatur enim id",
      "description": "aliquip enim mollit minim consequat"
    },
    {
      "id": "Excepteur occaecat",
      "name": "amet",
      "description": "pariatur laborum et adipisicing culpa"
    },
    {
      "id": "Excepteur dolore",
      "name": "Ut consequat reprehenderit",
      "description": "Excepteur ea"
    },
    {
      "id": "est cillum esse sit reprehenderit",
      "name": "tempor enim minim magna",
      "description": "do cupidatat"
    },
    {
      "id": "ipsum laborum",
      "name": "veniam dolor dolore consequat",
      "description": "laboris minim Excepteur elit ex"
    },
    {
      "id": "voluptate sint pariatur fugiat",
      "name": "dolore",
      "description": "Duis"
    },
    {
      "id": "ex ad dolor",
      "name": "veniam",
      "description": "Ut"
    },
    {
      "id": "incididunt fugiat",
      "name": "non",
      "description": "qui veniam"
    },
    {
      "id": "Duis proident quis ad",
      "name": "fugiat qui",
      "description": "amet enim culpa"
    },
    {
      "id": "Lorem irure",
      "name": "in velit ex ipsum",
      "description": "ad Duis consequat dolore"
    },
    {
      "id": "laboris",
      "name": "sed labore",
      "description": "ut"
    },
    {
      "id": "sint fugiat",
      "name": "enim sunt veniam",
      "description": "Excepteur"
    },
    {
      "id": "consequat sint nostrud",
      "name": "eiusmod Ut commodo",
      "description": "sunt fugiat id exercitation"
    },
    {
      "id": "esse",
      "name": "deserunt officia in eiusmod esse",
      "description": "deserunt"
    },
    {
      "id": "amet",
      "name": "ex esse dolor",
      "description": "Duis aliqua"
    },
    {
      "id": "cillum nisi dolore",
      "name": "nisi anim",
      "description": "anim ut nostrud aute"
    },
    {
      "id": "officia",
      "name": "non aliqua consequat",
      "description": "magna"
    },
    {
      "id": "in dolor",
      "name": "sit dolore aliquip ut",
      "description": "occaecat eiusmod elit velit"
    },
    {
      "id": "enim ad laborum occaecat deserunt",
      "name": "cillum",
      "description": "eu"
    },
    {
      "id": "eiusmod nisi et cillum",
      "name": "laboris veniam consequat dolore eu",
      "description": "mollit nostrud"
    },
    {
      "id": "dolore",
      "name": "reprehenderit nulla adipisicing",
      "description": "magna Excepteur et mollit nostrud"
    },
    {
      "id": "Ut cupidatat",
      "name": "laboris deserunt ea reprehenderit in",
      "description": "exercitation ut esse cillum aute"
    },
    {
      "id": "consequat Duis adipisicing nisi veniam",
      "name": "id sit est",
      "description": "in minim reprehenderit dolore"
    },
    {
      "id": "pariatur cillum aliquip irure",
      "name": "irure",
      "description": "sed ex irure minim"
    },
    {
      "id": "aute magna nulla",
      "name": "laborum proident Ut sed non",
      "description": "ullamco nostrud"
    },
    {
      "id": "ullamco officia sint pariatur",
      "name": "Lorem aliquip",
      "description": "ut culpa eu mollit in"
    },
    {
      "id": "quis Lorem dolor in minim",
      "name": "exercitation adipisicing voluptate id",
      "description": "dolor proident sit eu culpa"
    },
    {
      "id": "est laboris incididunt",
      "name": "commodo ut veniam labore qui",
      "description": "veniam incididunt ut pariatur"
    },
    {
      "id": "est anim do labore",
      "name": "minim non sint",
      "description": "id Duis commodo Ut"
    },
    {
      "id": "nostrud elit anim dolor sunt",
      "name": "occaecat in non esse aliquip",
      "description": "nulla in sed"
    }
  ],
  "gatewayAuthorizationCode": "ea Lorem ullamco ut",
  "requestDate": "00:01:01",
  "paymentAuthorizationStatus": "in eu ex ut",
  "iPAddress": "nulla ipsum dolore mollit et",
  "externalCreatedDate": "1969-06-20",
  "gatewayReferenceDetailsText": "aliquip ut Duis",
  "paymentGateway": [
    "incididunt",
    "commodo aute eiusmod",
    "nostrud non",
    "proident",
    "reprehenderit",
    "sit ullamco reprehenderit velit Lorem",
    "Excepteur",
    "aliqua",
    "fugiat pariatur",
    "anim fugiat dolor",
    "velit in enim",
    "in id est culpa",
    "consequat qui",
    "nostrud ut Duis",
    "irure",
    "ullamco irure aliquip cupidatat pariatur"
  ],
  "availableBalanceAmount": -19273063,
  "paymentGroup": [
    "in Duis et",
    "Excepteur labore consectetur quis proident",
    "Lorem est Ut ullamco cupidatat",
    "aliquip in sed magna",
    "in velit ut",
    "dolor dolor",
    "qui consectetur et do",
    "laboris enim",
    "magna tempor in",
    "laborum",
    "deserunt commodo",
    "cupidatat ad anim",
    "ipsum",
    "ut dolor reprehenderit nostrud veniam",
    "sit quis nostrud",
    "aliqua fugiat enim laborum elit",
    "pariatur ut",
    "reprehenderit",
    "cupidatat",
    "cupidatat nisi",
    "ad",
    "irure minim deserunt incididunt eu",
    "cupidatat commodo in consectetur consequat",
    "anim",
    "in",
    "consectetur sunt",
    "esse magna",
    "proident est velit",
    "aliquip minim Duis sunt anim",
    "sunt dolor nostrud Lorem elit",
    "et irure ipsum tempor consequat",
    "proident qui ea",
    "laboris consequat dolor in",
    "amet dolor ut aliqua",
    "reprehenderit do est",
    "ut",
    "incididunt Lorem tempor",
    "veniam Ut aute nisi in",
    "ipsum Duis commodo"
  ],
  "totalAuthorizationReversalAmount": 8948823,
  "paymentAuthorizationCommentText": "reprehenderit dolore",
  "paymentMethodID": [
    "sit dolore",
    "dolore magna",
    "occaecat Duis minim dolor",
    "tempor in officia",
    "Excepteur aliquip amet",
    "sed reprehenderit id ad aute",
    "dolor adipisicing dolor",
    "Excepteur ut ex in",
    "do tempor in",
    "consectetur magna occaecat non et",
    "minim adipisicing commodo aute mollit",
    "adipisicing incididunt sit",
    "magna",
    "ullamco sed laborum nostrud proident",
    "nisi quis nostrud qui",
    "culpa nisi cupidatat Excepteur id",
    "dolore Ut in ullamco",
    "nulla ad eu",
    "commodo ex et",
    "sunt minim reprehenderit ut in",
    "ullamco",
    "exercitation ipsum",
    "do fugiat ut",
    "anim ex non",
    "veniam"
  ],
  "salesOrderPaymentSummary": [
    "est",
    "in voluptate ut dolore consectetur",
    "do magna cillum in mollit",
    "amet laborum pariatur dolore",
    "anim fugiat id",
    "cillum",
    "in commodo voluptate ullamco",
    "dolore ut anim",
    "ut sunt irure",
    "sunt dolor aute",
    "sit in minim enim",
    "fugiat dolor Ut",
    "in cupidatat Duis sed",
    "magna quis occaecat",
    "voluptate culpa laboris dolor",
    "Ut",
    "quis consequat voluptate elit qui",
    "eu consectetur",
    "laborum consequat ex Duis",
    "velit proident",
    "eu in",
    "in Lorem ullamco minim",
    "fugiat adipisicing irure",
    "id quis",
    "proident",
    "minim",
    "Lorem reprehenderit",
    "adipisicing aliqua voluptate ea nostrud",
    "consequat quis do",
    "eu",
    "sed nulla minim consequat nostrud",
    "ea quis cupidatat esse",
    "consequat dolor aliqua",
    "mollit in qui labore ut",
    "aliqua",
    "aliquip est consequat"
  ],
  "gatewayResultCodeDescription": "sunt esse in mollit eu"
}
