{
  "quantityOrderedUOM": "proident culpa ullamco labore dolor",
  "salesOrderProductStatus": [
    {
      "id": "labore fugiat enim ullamco",
      "name": "proident irure ullamco do"
    },
    {
      "id": "ex qui in eu ipsum",
      "name": "laboris pariatur"
    },
    {
      "id": "et",
      "name": "velit in irure laborum veniam"
    },
    {
      "id": "aliqua esse incididunt ad",
      "name": "reprehenderit veniam"
    },
    {
      "id": "cupidatat proident in",
      "name": "consectetur esse ad proident sit"
    },
    {
      "id": "sint aliqua non cillum laboris",
      "name": "Duis consequat do"
    },
    {
      "id": "non in irure in",
      "name": "ex laboris proident eu"
    },
    {
      "id": "officia Ut consectetur irure",
      "name": "Ut"
    },
    {
      "id": "dolor voluptate enim commodo fugiat",
      "name": "id sit"
    },
    {
      "id": "Excepteur qui ut",
      "name": "mollit labore Excepteur pariatur velit"
    },
    {
      "id": "in",
      "name": "ullamco consectetur amet"
    },
    {
      "id": "nisi",
      "name": "nostrud ad sunt Duis"
    },
    {
      "id": "aliqua enim tempor eiusmod",
      "name": "aliquip in voluptate"
    },
    {
      "id": "exercitation ex nisi ipsum",
      "name": "est irure pariatur dolore qui"
    },
    {
      "id": "proident quis aliquip aute",
      "name": "ut pariatur"
    },
    {
      "id": "Excepteur Duis dolore do sit",
      "name": "ut amet id"
    },
    {
      "id": "enim",
      "name": "ullamco incididunt nostrud"
    },
    {
      "id": "Lorem non exercitation",
      "name": "dolore"
    },
    {
      "id": "Duis mollit veniam aute in",
      "name": "nulla"
    },
    {
      "id": "adipisicing exercitation deserunt",
      "name": "irure anim dolor"
    },
    {
      "id": "proident id",
      "name": "adipisicing magna ex"
    },
    {
      "id": "aliquip officia incididunt veniam laboris",
      "name": "et ea laborum"
    },
    {
      "id": "veniam pariatur Duis ullamco",
      "name": "reprehenderit do non"
    },
    {
      "id": "nostrud id",
      "name": "ad dolor eiusmod"
    },
    {
      "id": "quis exercitation",
      "name": "mollit sint consequat nisi"
    },
    {
      "id": "enim labore adipisicing tempor deserunt",
      "name": "velit"
    },
    {
      "id": "ex dolore tempor enim Duis",
      "name": "in aute"
    },
    {
      "id": "tempor commodo est exercitation nostrud",
      "name": "exercitation Duis"
    },
    {
      "id": "consequat culpa Excepteur laboris",
      "name": "est deserunt veniam nostrud ad"
    },
    {
      "id": "et tempor",
      "name": "id aliqua consectetur"
    },
    {
      "id": "officia Ut sint incididunt",
      "name": "consequat nulla"
    },
    {
      "id": "dolor officia",
      "name": "tempor in minim"
    },
    {
      "id": "labore",
      "name": "Lorem"
    },
    {
      "id": "reprehenderit amet in",
      "name": "Duis"
    },
    {
      "id": "dolor ea",
      "name": "sed eu"
    },
    {
      "id": "deserunt veniam ipsum",
      "name": "ex adipisicing nisi eu nulla"
    },
    {
      "id": "id",
      "name": "dolore aute tempor cillum"
    },
    {
      "id": "pariatur laboris consequat sit",
      "name": "id in veniam deserunt"
    },
    {
      "id": "eu amet sunt",
      "name": "labore proident in"
    },
    {
      "id": "est",
      "name": "ut consequat cupidatat nisi laboris"
    },
    {
      "id": "et deserunt",
      "name": "aliquip"
    },
    {
      "id": "et in enim id cillum",
      "name": "aliqua fugiat cupidatat quis amet"
    },
    {
      "id": "aute magna cillum",
      "name": "Lorem enim"
    },
    {
      "id": "aliquip dolor quis",
      "name": "velit exercitation"
    },
    {
      "id": "quis fugiat",
      "name": "sunt"
    },
    {
      "id": "ut labore quis",
      "name": "ut"
    },
    {
      "id": "nisi",
      "name": "Duis culpa quis aute"
    },
    {
      "id": "aliquip",
      "name": "id proident"
    },
    {
      "id": "enim",
      "name": "elit Excepteur"
    },
    {
      "id": "mollit adipisicing qui",
      "name": "nostrud in anim"
    },
    {
      "id": "voluptate commodo elit ut mollit",
      "name": "in sit proident laborum Ut"
    },
    {
      "id": "occaecat ut et incididunt commodo",
      "name": "laborum dolore cupidatat magna"
    },
    {
      "id": "nulla",
      "name": "sint mollit quis Ut"
    },
    {
      "id": "Lorem labore anim",
      "name": "in et do mollit voluptate"
    },
    {
      "id": "irure",
      "name": "id et Excepteur dolor"
    },
    {
      "id": "dolor commodo labore pariatur do",
      "name": "ullamco"
    },
    {
      "id": "elit Ut fugiat officia Excepteur",
      "name": "sit dolore qui ullamco et"
    },
    {
      "id": "magna cupidatat",
      "name": "officia irure commodo"
    },
    {
      "id": "nisi",
      "name": "ipsum aute sunt"
    },
    {
      "id": "qui sunt dolor",
      "name": "dolor voluptate"
    },
    {
      "id": "ea nostrud Lorem fugiat nulla",
      "name": "adipisicing ad Ut irure aliqua"
    },
    {
      "id": "nulla tempor ut occaecat reprehenderit",
      "name": "voluptate ullamco incididunt Lorem proident"
    },
    {
      "id": "eu anim Ut",
      "name": "commodo"
    },
    {
      "id": "commodo fugiat voluptate ad et",
      "name": "cillum nostrud"
    },
    {
      "id": "aliqua officia occaecat ut sed",
      "name": "id incididunt"
    },
    {
      "id": "consectetur anim",
      "name": "incididunt nulla cupidatat occaecat ut"
    },
    {
      "id": "aliqua ipsum magna et Duis",
      "name": "ut minim anim"
    },
    {
      "id": "deserunt anim",
      "name": "sunt eiusmod"
    },
    {
      "id": "quis voluptate",
      "name": "exercitation tempor cupidatat commodo"
    },
    {
      "id": "Lorem reprehenderit exercitation non",
      "name": "amet"
    },
    {
      "id": "dolore in",
      "name": "sunt veniam culpa do mollit"
    },
    {
      "id": "minim laboris",
      "name": "eu irure sint dolor"
    },
    {
      "id": "fugiat occaecat magna",
      "name": "sint eiusmod reprehenderit"
    },
    {
      "id": "ex aliqua Excepteur ad",
      "name": "veniam non consequat do Duis"
    },
    {
      "id": "cupidatat incididunt",
      "name": "velit"
    },
    {
      "id": "sint esse Excepteur exercitation nostrud",
      "name": "sit"
    },
    {
      "id": "dolor qui",
      "name": "deserunt dolor amet quis cillum"
    },
    {
      "id": "nisi",
      "name": "ut sunt dolore aliqua"
    },
    {
      "id": "mollit cillum",
      "name": "irure commodo Duis proident"
    },
    {
      "id": "dolor id veniam reprehenderit",
      "name": "in"
    },
    {
      "id": "aliquip voluptate consequat consectetur",
      "name": "nostrud veniam adipisicing"
    },
    {
      "id": "nostrud elit esse",
      "name": "dolor in"
    },
    {
      "id": "enim minim velit",
      "name": "ut qui"
    },
    {
      "id": "Ut qui elit non",
      "name": "nostrud"
    },
    {
      "id": "proident",
      "name": "laboris Duis"
    },
    {
      "id": "consectetur eu est ullamco tempor",
      "name": "Duis sed ex"
    },
    {
      "id": "ipsum dolor",
      "name": "id"
    }
  ],
  "orderProductNumber": "nulla",
  "id": "dolor irure",
  "totalPriceAmount": -27699275,
  "orderedQuantity": -86267579,
  "description": "occaecat in ipsum dolore",
  "segmentIndexNumber": -13280088,
  "lineAdjustmentSubTotalAmount": 69203189,
  "totalProductTaxAmount": -57963536,
  "unitTaxAmount": -21771561,
  "handlingCostAmount": 95555767,
  "totalListPriceAmount": -18601178,
  "deliveryTaxAmount": 30067990,
  "promisedDate": "1965-09-09",
  "requestedStartDate": "1990-01-01",
  "allocatedQuantity": 93279138,
  "totalAdjustmentTaxAmount": 30106989,
  "product": [
    "sed est Duis proident mollit",
    "pariatur eiusmod aute aliqua dolor",
    "Lorem deserunt mollit",
    "esse minim reprehenderit",
    "eiusmod aliquip eu ut",
    "est laboris sit officia laborum",
    "sunt nulla in",
    "quis id",
    "eiusmod",
    "esse dolore eiusmod",
    "consequat amet dolore",
    "eu pariatur in labore Lorem",
    "ut consequat culpa"
  ],
  "shippingEmail": [
    "velit nulla eu adipisicing",
    "fugiat sed anim",
    "fugiat magna consectetur et",
    "dolor adipisicing elit",
    "anim",
    "adipisicing tempor amet ea est",
    "reprehenderit consequat cillum esse",
    "sit ipsum esse occaecat",
    "commodo in fugiat in",
    "mollit",
    "do cupidatat",
    "Ut fugiat in",
    "tempor esse",
    "in et",
    "ex do exercitation consequat amet",
    "Excepteur fugiat elit aliqua reprehenderit",
    "do ut laboris nisi",
    "amet nisi eiusmod proident",
    "esse nostrud",
    "sunt ut nostrud consequat",
    "elit reprehenderit magna",
    "sed irure in consequat ex",
    "aliqua laboris commodo",
    "dolor consequat commodo nulla",
    "labore dolor",
    "ut pariatur aute",
    "ullamco veniam",
    "culpa",
    "laboris occaecat cupidatat",
    "tempor"
  ],
  "subscriptionTermQuantity": 21206880,
  "orderAdjustmentSubTotalAmount": -10823104,
  "recurringPriceAmount": -95885222,
  "availableQuantity": 23411563,
  "giftOrderMessageText": "qui reprehenderit occaecat",
  "shippingTaxAmount": -51648900,
  "salesOrder": [
    "dolore ut consequat",
    "id minim amet",
    "minim",
    "laboris ipsum Ut nulla",
    "veniam",
    "elit",
    "consequat anim aliquip",
    "tempor",
    "sunt irure",
    "irure Duis eiusmod",
    "Ut deserunt",
    "deserunt proident laboris veniam et",
    "adipisicing in nostrud",
    "ipsum mollit",
    "Lorem consequat ad do irure",
    "tempor exercitation mollit reprehenderit",
    "consectetur",
    "in aliqua in",
    "adipisicing ea commodo minim",
    "anim in commodo adipisicing",
    "aute incididunt enim",
    "esse Excepteur tempor elit",
    "sed quis irure",
    "et veniam elit laboris Duis",
    "nulla",
    "aute",
    "enim",
    "veniam tempor cillum",
    "laboris",
    "nisi eu officia",
    "id labore",
    "culpa esse eu tempor laboris",
    "do voluptate",
    "nisi",
    "consectetur occaecat sit magna",
    "adipisicing quis amet sed",
    "voluptate pariatur sint",
    "magna",
    "ut aute dolor laborum enim",
    "id sit",
    "dolore dolor non velit",
    "voluptate ipsum",
    "voluptate",
    "qui",
    "officia nostrud",
    "ullamco qui cillum mollit",
    "Lorem quis ad in",
    "dolore ex id",
    "et adipisicing eu Duis",
    "Ut dolore consectetur et",
    "ad ex in",
    "in sit",
    "esse labore",
    "sunt non officia eiusmod pariatur",
    "occaecat id consectetur dolore",
    "ea commodo",
    "aliquip qui",
    "exercitation proident sint voluptate",
    "pariatur culpa",
    "ex dolore minim eu quis",
    "veniam",
    "nisi incididunt",
    "sunt",
    "Duis Ut sit culpa pariatur",
    "sit dolor",
    "elit mollit fugiat qui",
    "sint do incididunt exercitation nostrud",
    "eiusmod",
    "reprehenderit",
    "nisi",
    "magna sunt sed est laboris",
    "dolore ad",
    "nisi Excepteur Lorem",
    "eu deserunt ad dolor",
    "ut aliquip dolore proident magna",
    "consectetur in laborum laboris dolor",
    "minim nostrud aliquip et",
    "dolor incididunt officia",
    "ut et ipsum tempor",
    "dolor",
    "irure Lorem qui",
    "ea dolore Ut",
    "Excepteur",
    "deserunt ut",
    "voluptate fugiat",
    "consectetur quis",
    "do nisi minim",
    "anim pariatur enim",
    "id",
    "proident laborum in ipsum eu",
    "nostrud cupidatat",
    "nisi qui commodo",
    "in velit",
    "laboris Lorem incididunt sit",
    "laboris ipsum dolor",
    "nisi",
    "tempor velit dolore",
    "et",
    "officia enim aliquip"
  ],
  "salesOrderProductReason": [
    "eu mollit et voluptate enim",
    "elit labore exercitation",
    "aliqua adipisicing",
    "adipisicing sunt",
    "voluptate in",
    "consequat deserunt"
  ],
  "shippingAddress": [
    "ea esse",
    "voluptate ullamco consectetur",
    "fugiat occaecat",
    "nostrud",
    "consequat magna anim",
    "sed consectetur voluptate",
    "pariatur id incididunt sit Ut",
    "culpa Excepteur sint mollit",
    "nisi esse cillum aliquip sit",
    "in proident exercitation",
    "ut irure elit",
    "magna in nulla",
    "Excepteur",
    "minim ad aliqua Ut",
    "nisi",
    "aliqua",
    "amet",
    "velit adipisicing elit",
    "aute",
    "dolor sit ipsum",
    "enim nostrud quis",
    "dolore incididunt in reprehenderit"
  ],
  "orderManualAdjustmentSubTotalAmount": -10922168,
  "commentText": "nisi",
  "totalLineAdjustmentAmount": -56331347,
  "segmentIndex": -74158174,
  "totalAdjustmentAmount": 13679730,
  "totalRecurringPriceAmount": -75806094,
  "giftRecipientTelephoneNumber": "laboris adipisicing qui",
  "unitPriceAmount": -90430796,
  "isAutomaticallyRenewed": false,
  "isBundleRoot": true,
  "totalManualAdjustmentAmount": 66177417,
  "allocationGroupName": "in deserunt Excepteur",
  "totalUnitPriceAmount": -86186895,
  "isGift": false,
  "sellerAccount": [
    "adipisicing irure cupidatat sunt reprehenderit",
    "dolor",
    "proident occaecat",
    "Lorem",
    "in adipisicing pariatur elit",
    "esse",
    "pariatur",
    "cupidatat minim",
    "ad pariatur officia sit do",
    "ut est consectetur culpa",
    "incididunt cillum eiusmod cupidatat",
    "in sunt aute aliqua",
    "laborum",
    "veniam minim",
    "aliquip proident",
    "in",
    "occaecat do",
    "velit commodo dolor",
    "ut laborum eiusmod minim",
    "voluptate tempor consectetur",
    "dolore nostrud pariatur in deserunt",
    "fugiat ipsum id",
    "proident",
    "nulla ad ipsum adipisicing officia",
    "consequat reprehenderit non incididunt eu",
    "incididunt",
    "dolore dolore anim",
    "exercitation",
    "Lorem",
    "cillum mollit",
    "esse irure magna fugiat nulla",
    "irure adipisicing",
    "ut deserunt pariatur exercitation do",
    "fugiat ut nisi",
    "adipisicing",
    "ut",
    "laboris",
    "nisi id in culpa",
    "sint dolor aute ad reprehenderit",
    "nisi ut ipsum",
    "minim reprehenderit dolore voluptate in",
    "esse",
    "ut ipsum sunt",
    "aute in aliquip sed eu",
    "sint Lorem in dolore",
    "ipsum elit nisi",
    "deserunt ex Duis",
    "deserunt est in nulla",
    "magna minim est velit irure",
    "velit anim",
    "eiusmod consequat",
    "et est eiusmod",
    "laborum minim nisi pariatur",
    "sint"
  ],
  "provisioningDate": "2010-10-20",
  "endDate": "2005-07-02",
  "cancelledQuantity": -9101782,
  "listPriceAmount": 18812952,
  "allocationPartitionName": "dolore nostrud laboris nisi Excepteur",
  "shippingCostAmount": -38425376,
  "fulfilledQuantity": 59355355,
  "shippingPhone": [
    "adipisicing eiusmod veniam aliquip",
    "aliquip cupidatat Ut dolore",
    "occaecat eiusmod ex ut",
    "proident do",
    "amet consequat aliquip veniam in",
    "do veniam",
    "quis",
    "laboris aliquip"
  ],
  "totalDistributedAdjustmentAmount": -53917268,
  "priceBookEntry": [
    "pariatur dolore",
    "Lorem ut",
    "esse cupidatat tempor fugiat magna",
    "Ut ut eu ex",
    "occaecat ea irure",
    "nostrud exercitation Ut dolore",
    "magna deserunt amet sunt",
    "adipisicing Ut aliqua",
    "Duis occaecat sunt consequat enim",
    "dolore ad Ut id commodo",
    "Ut cupidatat cillum",
    "pariatur exercitation Duis eiusmod ad",
    "laboris aliquip dolore Lorem ut",
    "sint nulla mollit minim quis",
    "laborum labore do Lorem cupidatat",
    "nisi ut Ut velit pariatur",
    "ad",
    "cillum",
    "ullamco minim",
    "fugiat sit consectetur non",
    "sed qui velit elit",
    "proident est",
    "magna exercitation Duis minim",
    "qui esse consectetur sit",
    "reprehenderit",
    "aliqua deserunt sint",
    "id in dolore",
    "nisi commodo pariatur adipisicing sed",
    "velit ut sunt",
    "commodo mollit exercitation",
    "velit",
    "ea dolor commodo",
    "laboris incididunt",
    "aliquip sunt",
    "dolore laborum in commodo",
    "dolore",
    "adipisicing non",
    "cillum amet ullamco",
    "laborum ullamco sed",
    "minim exercitation id ut",
    "velit enim",
    "quis sunt labore",
    "ea",
    "ex",
    "dolor proident consectetur cupidatat",
    "dolor",
    "pariatur laborum sit Duis",
    "nostrud sunt eu ipsum",
    "incididunt nisi anim esse do",
    "est magna",
    "consequat",
    "cillum laborum aliquip cupidatat commodo",
    "minim magna Lorem dolor",
    "aliquip laboris",
    "tempor ea adipisicing Excepteur",
    "anim labore",
    "consequat enim",
    "et labore velit culpa Duis",
    "amet",
    "nulla eiusmod reprehenderit",
    "est proident ut",
    "veniam ullamco laboris",
    "aliquip sunt Excepteur sint",
    "consectetur commodo sed non dolore",
    "sunt reprehenderit sit",
    "Ut",
    "nostrud sint",
    "cillum aute quis irure",
    "eu quis",
    "id est fugiat",
    "incididunt consectetur",
    "officia ex in",
    "id",
    "dolore irure nulla nisi sunt",
    "nisi anim",
    "nulla Lorem sint dolor id",
    "qui consectetur ut",
    "veniam"
  ],
  "listPriceQuantityUOM": "aute",
  "adjustedDeliveryTaxAmount": -47673114,
  "salesOrderDeliveryGroup": [
    "non culpa pariatur",
    "deserunt commodo officia ullamco",
    "eu",
    "sunt dolore",
    "non Duis elit",
    "fugiat in"
  ]
}
