{
  "name": "sit non nisi",
  "requestedStartDate": "1983-07-18",
  "salesOrderStatus": [
    {
      "id": "sed ut",
      "name": "sint"
    },
    {
      "id": "do in",
      "name": "in Ut"
    }
  ],
  "id": "dolor voluptate labore qui Duis",
  "orderNumber": "anim dolor quis ea",
  "salesOrderConfirmationStatus": [
    {
      "id": "sunt occaecat ut",
      "name": "velit ipsum"
    },
    {
      "id": "occaecat enim anim quis ut",
      "name": "consequat irure in"
    },
    {
      "id": "in",
      "name": "enim quis"
    },
    {
      "id": "ex non elit reprehenderit in",
      "name": "sunt quis labore minim"
    },
    {
      "id": "nulla",
      "name": "eu cupidatat officia amet aliquip"
    },
    {
      "id": "occaecat do laborum",
      "name": "sunt"
    },
    {
      "id": "commodo cillum culpa mollit in",
      "name": "magna sed"
    },
    {
      "id": "ut elit culpa id velit",
      "name": "et"
    },
    {
      "id": "sed exercitation Ut consectetur",
      "name": "Duis officia tempor in"
    },
    {
      "id": "Excepteur",
      "name": "mollit adipisicing occaecat"
    },
    {
      "id": "labore adipisicing est magna",
      "name": "ut sed"
    },
    {
      "id": "nulla",
      "name": "id"
    },
    {
      "id": "est",
      "name": "officia"
    },
    {
      "id": "adipisicing Ut sed",
      "name": "Lorem"
    },
    {
      "id": "ad Excepteur",
      "name": "elit magna anim tempor"
    },
    {
      "id": "et nisi est Lorem ex",
      "name": "quis in ea"
    },
    {
      "id": "sed veniam anim",
      "name": "Excepteur aliquip magna reprehenderit"
    },
    {
      "id": "nisi sunt sit magna ea",
      "name": "veniam dolore culpa"
    },
    {
      "id": "aliqua culpa mollit ut",
      "name": "Excepteur Lorem id qui in"
    },
    {
      "id": "anim",
      "name": "adipisicing"
    },
    {
      "id": "dolor eu esse",
      "name": "elit Ut Excepteur proident cupidatat"
    },
    {
      "id": "Duis in",
      "name": "laborum in"
    },
    {
      "id": "reprehenderit magna",
      "name": "dolor"
    },
    {
      "id": "mollit laboris exercitation dolor quis",
      "name": "cupidatat esse officia"
    },
    {
      "id": "ut magna et sed",
      "name": "labore et deserunt"
    },
    {
      "id": "ut sunt ut laboris deserunt",
      "name": "officia"
    },
    {
      "id": "nisi enim aute",
      "name": "aliqua ullamco do"
    },
    {
      "id": "deserunt laboris",
      "name": "in non cupidatat eiusmod sint"
    },
    {
      "id": "voluptate sunt",
      "name": "dolore"
    },
    {
      "id": "incididunt Lorem in anim",
      "name": "culpa Lorem"
    },
    {
      "id": "proident minim Excepteur",
      "name": "elit amet pariatur"
    },
    {
      "id": "in qui",
      "name": "Ut voluptate do"
    },
    {
      "id": "irure",
      "name": "non mollit sint"
    },
    {
      "id": "tempor ut esse",
      "name": "ex sunt"
    },
    {
      "id": "mollit ad sed esse sint",
      "name": "ut aliqua magna"
    },
    {
      "id": "aute non cillum",
      "name": "sunt enim Duis commodo et"
    },
    {
      "id": "sint",
      "name": "eiusmod pariatur adipisicing"
    },
    {
      "id": "ullamco fugiat",
      "name": "minim sit"
    },
    {
      "id": "commodo nisi",
      "name": "et"
    },
    {
      "id": "proident",
      "name": "irure"
    },
    {
      "id": "dolor",
      "name": "officia pariatur id"
    },
    {
      "id": "fugiat ad",
      "name": "ut adipisicing cupidatat exercitation in"
    },
    {
      "id": "sed culpa",
      "name": "non sunt occaecat Duis ut"
    },
    {
      "id": "Lorem sint culpa Excepteur do",
      "name": "incididunt"
    },
    {
      "id": "pariatur qui aliqua",
      "name": "amet"
    },
    {
      "id": "aute occaecat reprehenderit culpa ullamco",
      "name": "cillum culpa"
    },
    {
      "id": "sed velit",
      "name": "sunt sed consequat magna"
    },
    {
      "id": "et",
      "name": "cillum sed deserunt"
    },
    {
      "id": "Duis",
      "name": "in"
    },
    {
      "id": "mollit proident esse dolore quis",
      "name": "in Excepteur irure"
    },
    {
      "id": "in Excepteur est pariatur",
      "name": "magna voluptate minim dolor"
    },
    {
      "id": "ad",
      "name": "in amet ullamco dolore Lorem"
    },
    {
      "id": "ad sit pariatur occaecat voluptate",
      "name": "tempor do dolore nisi"
    },
    {
      "id": "ad adipisicing laborum",
      "name": "sint in"
    },
    {
      "id": "ullamco veniam velit sunt sed",
      "name": "cillum velit Ut"
    },
    {
      "id": "non consectetur Excepteur",
      "name": "magna officia sunt veniam exercitation"
    },
    {
      "id": "nulla fugiat eiusmod non",
      "name": "dolor velit"
    },
    {
      "id": "Excepteur nostrud",
      "name": "reprehenderit tempor Lorem"
    },
    {
      "id": "Ut",
      "name": "sint occaecat laboris minim anim"
    },
    {
      "id": "ea et officia cillum laboris",
      "name": "ullamco et magna non"
    },
    {
      "id": "dolor consectetur in in",
      "name": "voluptate id"
    },
    {
      "id": "qui voluptate in et",
      "name": "laborum"
    },
    {
      "id": "sed",
      "name": "ad veniam aute reprehenderit"
    },
    {
      "id": "incididunt dolore ut",
      "name": "do id esse"
    },
    {
      "id": "enim",
      "name": "elit eiusmod"
    },
    {
      "id": "sit et velit qui irure",
      "name": "esse adipisicing mollit nisi"
    },
    {
      "id": "cillum commodo Duis",
      "name": "sed"
    },
    {
      "id": "mollit ullamco aute irure",
      "name": "minim reprehenderit do nulla ad"
    },
    {
      "id": "aliquip nisi ullamco",
      "name": "cillum"
    },
    {
      "id": "aliqua eu qui veniam sint",
      "name": "sed"
    },
    {
      "id": "incididunt in culpa Ut ad",
      "name": "fugiat consequat laborum"
    },
    {
      "id": "laboris anim Duis et reprehenderit",
      "name": "cupidatat"
    },
    {
      "id": "dolore nisi",
      "name": "amet sunt eu anim"
    },
    {
      "id": "ut incididunt proident Excepteur culpa",
      "name": "veniam"
    },
    {
      "id": "anim sit occaecat",
      "name": "labore"
    },
    {
      "id": "incididunt eu Excepteur labore commodo",
      "name": "Lorem sunt"
    },
    {
      "id": "dolor",
      "name": "non commodo minim est"
    },
    {
      "id": "do Duis quis",
      "name": "pariatur adipisicing"
    },
    {
      "id": "consequat officia deserunt aliqua dolore",
      "name": "nulla deserunt"
    },
    {
      "id": "ipsum enim anim",
      "name": "sit laboris Lorem pariatur ex"
    },
    {
      "id": "adipisicing dolor ipsum",
      "name": "ullamco laborum magna Ut officia"
    },
    {
      "id": "in",
      "name": "Ut exercitation Lorem"
    },
    {
      "id": "non veniam",
      "name": "Ut in ut do exercitation"
    },
    {
      "id": "dolore elit",
      "name": "anim exercitation dolor occaecat"
    },
    {
      "id": "voluptate",
      "name": "ut"
    },
    {
      "id": "ullamco consectetur cupidatat",
      "name": "aliquip proident sunt eiusmod"
    },
    {
      "id": "irure dolor Excepteur ut",
      "name": "irure elit"
    },
    {
      "id": "aute",
      "name": "Excepteur"
    },
    {
      "id": "pariatur",
      "name": "ad pariatur"
    }
  ],
  "salesOrderType": [
    {
      "id": "exercitation eiusmod",
      "name": "ipsum Ut dolore"
    },
    {
      "id": "elit mollit",
      "name": "anim Excepteur"
    },
    {
      "id": "aute in",
      "name": "dolor ipsum in voluptate est"
    },
    {
      "id": "sit",
      "name": "Lorem consectetur mollit in deserunt"
    },
    {
      "id": "aliquip esse voluptate",
      "name": "mollit commodo exercitation enim aute"
    },
    {
      "id": "elit dolor enim quis dolore",
      "name": "aliquip"
    },
    {
      "id": "aliqua officia minim commodo",
      "name": "mollit sed sit quis in"
    },
    {
      "id": "proident Duis sed eu",
      "name": "dolore"
    },
    {
      "id": "occaecat voluptate et esse",
      "name": "sit ut amet voluptate nulla"
    },
    {
      "id": "ad non cupidatat ut Duis",
      "name": "sed"
    },
    {
      "id": "consequat dolore",
      "name": "laborum fugiat est eu"
    },
    {
      "id": "aliqua occaecat",
      "name": "ut et"
    },
    {
      "id": "ut occaecat nisi in",
      "name": "ipsum tempor nisi"
    },
    {
      "id": "dolore aliqua sit ad ea",
      "name": "aute exercitation"
    },
    {
      "id": "nulla",
      "name": "ipsum pariatur esse ullamco"
    },
    {
      "id": "fugiat in nisi aliquip",
      "name": "in laboris"
    },
    {
      "id": "occaecat ea dolor cupidatat non",
      "name": "dolore in"
    },
    {
      "id": "sed",
      "name": "eiusmod cillum"
    },
    {
      "id": "sint consectetur ea Duis",
      "name": "Ut"
    },
    {
      "id": "nostrud",
      "name": "dolore cillum adipisicing"
    },
    {
      "id": "reprehenderit ad Duis aute pariatur",
      "name": "ut nulla Lorem nostrud aute"
    },
    {
      "id": "cillum eu officia est consequat",
      "name": "sed cupidatat"
    },
    {
      "id": "quis laborum ipsum",
      "name": "elit in consequat qui officia"
    },
    {
      "id": "est adipisicing enim",
      "name": "et occaecat"
    },
    {
      "id": "cillum pariatur veniam",
      "name": "et adipisicing deserunt officia nulla"
    },
    {
      "id": "in sed",
      "name": "aliquip dolore fugiat ad"
    },
    {
      "id": "nisi enim irure cillum anim",
      "name": "cillum pariatur nisi"
    },
    {
      "id": "Lorem",
      "name": "Excepteur Ut sit"
    },
    {
      "id": "labore",
      "name": "culpa"
    },
    {
      "id": "fugiat aliqua nisi Duis elit",
      "name": "irure deserunt ullamco elit"
    },
    {
      "id": "ipsum dolore",
      "name": "do magna adipisicing sit"
    },
    {
      "id": "consectetur consequat in non ea",
      "name": "consequat"
    },
    {
      "id": "dolore fugiat est veniam",
      "name": "dolore"
    },
    {
      "id": "laboris Duis velit ullamco et",
      "name": "mollit anim aliquip"
    },
    {
      "id": "elit minim sit do nulla",
      "name": "est dolore dolor reprehenderit tempor"
    },
    {
      "id": "laborum esse",
      "name": "ea et"
    },
    {
      "id": "minim ipsum ut velit",
      "name": "veniam fugiat"
    },
    {
      "id": "aliqua ex adipisicing sed",
      "name": "nostrud"
    },
    {
      "id": "culpa ullamco",
      "name": "anim sed"
    },
    {
      "id": "cupidatat",
      "name": "deserunt aliqua"
    },
    {
      "id": "labore aliqua enim in",
      "name": "aute dolor pariatur"
    },
    {
      "id": "sunt laborum",
      "name": "anim exercitation adipisicing"
    },
    {
      "id": "tempor consectetur",
      "name": "velit dolor"
    },
    {
      "id": "eiusmod do ipsum",
      "name": "reprehenderit in nisi Lorem amet"
    },
    {
      "id": "sunt mollit ea occaecat",
      "name": "sed"
    },
    {
      "id": "nisi laboris magna deserunt est",
      "name": "in cillum qui incididunt"
    },
    {
      "id": "sint sed in",
      "name": "ullamco labore irure pariatur dolor"
    },
    {
      "id": "ad consectetur est",
      "name": "amet Lorem irure"
    },
    {
      "id": "dolor enim aute ut",
      "name": "Lorem nostrud magna consectetur dolor"
    },
    {
      "id": "laborum ut",
      "name": "dolor Lorem nulla consequat"
    },
    {
      "id": "irure enim",
      "name": "dolor ad in eiusmod"
    },
    {
      "id": "Ut in",
      "name": "minim eu laboris quis"
    },
    {
      "id": "elit",
      "name": "elit aliquip ad"
    },
    {
      "id": "enim velit cillum do non",
      "name": "esse Ut"
    },
    {
      "id": "sint minim non officia",
      "name": "dolore esse"
    },
    {
      "id": "quis est sed exercitation do",
      "name": "quis aliqua"
    }
  ],
  "confirmationRecipientEmailText": "amet nisi",
  "description": "qui voluptate pariatur",
  "developerStatusCode": "aliqua",
  "cancelDate": "1969-10-06",
  "canBillNow": false,
  "userDeviceSession": [
    {
      "id": "velit",
      "name": "et eiusmod"
    },
    {
      "id": "voluptate",
      "name": "ipsum"
    },
    {
      "id": "Ut proident voluptate",
      "name": "dolor Lorem ut"
    },
    {
      "id": "deserunt Lorem cupidatat anim",
      "name": "cupidatat ut"
    },
    {
      "id": "enim",
      "name": "nisi Duis"
    },
    {
      "id": "laboris ut ex",
      "name": "dolore irure aliquip enim"
    },
    {
      "id": "qui quis dolore consectetur aliquip",
      "name": "ullamco dolore incididunt id in"
    },
    {
      "id": "ullamco minim non elit ea",
      "name": "nisi"
    },
    {
      "id": "dolor do",
      "name": "labore"
    },
    {
      "id": "amet",
      "name": "anim fugiat exercitation et nostrud"
    },
    {
      "id": "nulla incididunt aliqua",
      "name": "in sunt"
    },
    {
      "id": "ut ex",
      "name": "ut adipisicing est sint"
    },
    {
      "id": "sunt anim tempor eiusmod",
      "name": "in ullamco ad"
    },
    {
      "id": "occaecat nisi",
      "name": "velit"
    },
    {
      "id": "consequat ut sit ut Lorem",
      "name": "consectetur id elit sint ullamco"
    },
    {
      "id": "aute dolore",
      "name": "est sint mollit eu dolor"
    },
    {
      "id": "do Lorem cillum",
      "name": "exercitation sed consequat"
    },
    {
      "id": "deserunt cupidatat minim incididunt",
      "name": "ullamco proident incididunt consectetur quis"
    },
    {
      "id": "enim nulla amet",
      "name": "sunt"
    },
    {
      "id": "id sit",
      "name": "labore sit sed cupidatat"
    },
    {
      "id": "irure",
      "name": "occaecat in Excepteur deserunt qui"
    },
    {
      "id": "ut veniam cillum ipsum ut",
      "name": "ullamco sed voluptate nisi"
    },
    {
      "id": "eiusmod ut",
      "name": "sit dolore eu adipisicing irure"
    },
    {
      "id": "eiusmod mollit aute sunt",
      "name": "ullamco"
    },
    {
      "id": "nulla",
      "name": "quis ut"
    },
    {
      "id": "commodo quis",
      "name": "irure esse ex"
    },
    {
      "id": "dolore ullamco non",
      "name": "consectetur incididunt sunt"
    },
    {
      "id": "sed eiusmod est",
      "name": "ullamco minim"
    },
    {
      "id": "Duis incididunt cupidatat dolore",
      "name": "ut non cillum mollit"
    },
    {
      "id": "in dolore eiusmod",
      "name": "nostrud sit fugiat proident labore"
    },
    {
      "id": "Excepteur",
      "name": "qui veniam"
    },
    {
      "id": "est",
      "name": "commodo"
    },
    {
      "id": "consequat",
      "name": "voluptate aliquip aute in exercitation"
    },
    {
      "id": "aliqua eu qui do",
      "name": "non laborum"
    },
    {
      "id": "aliquip commodo ea",
      "name": "commodo"
    },
    {
      "id": "amet irure",
      "name": "tempor eiusmod"
    },
    {
      "id": "nulla",
      "name": "quis do ea dolor"
    },
    {
      "id": "esse nulla dolore nisi",
      "name": "magna proident ex cillum"
    },
    {
      "id": "enim cillum irure ipsum",
      "name": "qui ea veniam ut et"
    },
    {
      "id": "mollit dolor laboris",
      "name": "labore anim"
    },
    {
      "id": "fugiat sed sint non",
      "name": "deserunt consequat"
    },
    {
      "id": "deserunt",
      "name": "incididunt dolor eu pariatur quis"
    },
    {
      "id": "non nulla",
      "name": "eu ut tempor aliquip"
    },
    {
      "id": "aliqua est",
      "name": "enim"
    },
    {
      "id": "occaecat adipisicing veniam",
      "name": "do"
    },
    {
      "id": "sint id nostrud dolor",
      "name": "ea"
    },
    {
      "id": "sit cillum ut sunt tempor",
      "name": "officia velit adipisicing incididunt"
    },
    {
      "id": "cillum est velit",
      "name": "aliquip veniam commodo labore ea"
    },
    {
      "id": "qui consequat labore Excepteur",
      "name": "exercitation dolore ipsum"
    },
    {
      "id": "sit ut proident",
      "name": "deserunt exercitation"
    },
    {
      "id": "amet",
      "name": "voluptate quis mollit laboris non"
    },
    {
      "id": "ipsum Ut ullamco dolore",
      "name": "amet"
    },
    {
      "id": "ullamco",
      "name": "amet aute aliqua"
    },
    {
      "id": "dolore voluptate magna",
      "name": "adipisicing"
    },
    {
      "id": "nulla ea ipsum laboris",
      "name": "cupidatat nisi elit"
    },
    {
      "id": "officia aute",
      "name": "laboris aliquip dolor"
    },
    {
      "id": "laborum pariatur aliquip dolore",
      "name": "et eu est esse aliquip"
    },
    {
      "id": "laboris",
      "name": "Excepteur aute ullamco cillum"
    },
    {
      "id": "voluptate Duis ea aliquip mollit",
      "name": "et"
    },
    {
      "id": "adipisicing aliqua culpa",
      "name": "consectetur esse quis eiusmod sed"
    },
    {
      "id": "ullamco id ex cupidatat Duis",
      "name": "sint veniam cupidatat amet Ut"
    },
    {
      "id": "non Ut voluptate irure",
      "name": "enim"
    },
    {
      "id": "quis cupidatat pariatur labore",
      "name": "exercitation aliquip esse laboris"
    },
    {
      "id": "enim eiusmod",
      "name": "in adipisicing nulla occaecat"
    },
    {
      "id": "mollit tempor",
      "name": "Ut"
    },
    {
      "id": "sint officia labore sit",
      "name": "ex nulla commodo dolore"
    },
    {
      "id": "cupidatat dolor et culpa",
      "name": "ullamco adipisicing officia Lorem fugiat"
    },
    {
      "id": "laboris esse",
      "name": "ad in cillum esse voluptate"
    },
    {
      "id": "in velit dolor",
      "name": "aliqua"
    },
    {
      "id": "fugiat",
      "name": "dolor minim consectetur"
    },
    {
      "id": "anim nulla",
      "name": "amet sint Ut aute"
    },
    {
      "id": "enim ullamco elit veniam",
      "name": "eiusmod anim"
    },
    {
      "id": "sed aliquip culpa eiusmod anim",
      "name": "incididunt aliquip eiusmod"
    },
    {
      "id": "pariatur anim",
      "name": "sed ut"
    },
    {
      "id": "ad ut quis laboris in",
      "name": "Excepteur esse"
    },
    {
      "id": "qui laborum",
      "name": "voluptate dolor anim incididunt ut"
    },
    {
      "id": "consectetur nulla labore et pariatur",
      "name": "velit"
    },
    {
      "id": "laborum",
      "name": "nulla cillum in incididunt Ut"
    },
    {
      "id": "ad dolore Lorem in laboris",
      "name": "laborum dolore anim"
    },
    {
      "id": "laborum incididunt",
      "name": "voluptate"
    },
    {
      "id": "in aliquip esse veniam Duis",
      "name": "consectetur in irure deserunt in"
    },
    {
      "id": "ea nostrud magna",
      "name": "in occaecat"
    },
    {
      "id": "minim amet",
      "name": "esse incididunt Lorem laborum"
    },
    {
      "id": "Ut est consectetur irure id",
      "name": "aute proident do sint"
    },
    {
      "id": "laboris",
      "name": "in aute"
    },
    {
      "id": "enim sint",
      "name": "dolor eu non"
    },
    {
      "id": "dolor aliquip laboris Ut laborum",
      "name": "dolore esse dolor laborum tempor"
    },
    {
      "id": "dolor id in in ut",
      "name": "sed nisi aute dolore Ut"
    },
    {
      "id": "eiusmod",
      "name": "dolore dolor et ut"
    },
    {
      "id": "dolore ut",
      "name": "aliqua Excepteur"
    },
    {
      "id": "ullamco minim in eu deserunt",
      "name": "minim sunt dolore laboris in"
    },
    {
      "id": "aute eiusmod adipisicing nostrud",
      "name": "deserunt nisi non et incididunt"
    }
  ],
  "originalOrder": [
    "quis id in",
    "dolor consequat commodo Ut non",
    "Duis elit pariatur sunt",
    "cupidatat anim culpa in",
    "amet qui",
    "veniam pariatur",
    "veniam",
    "ad Lorem cupidatat",
    "sit do ea",
    "cillum est irure aute labore",
    "cupidatat",
    "magna nulla",
    "labore eiusmod id do minim",
    "ex cupidatat proident et",
    "do deserunt ea sit laboris",
    "Excepteur",
    "ex cillum eiusmod sunt cupidatat",
    "magna dolor sit laborum",
    "amet nostrud",
    "nostrud est sunt ex aliquip",
    "ad in et",
    "do quis aliquip dolore proident",
    "ad",
    "consectetur commodo tempor",
    "do",
    "nisi non pariatur id",
    "Ut nisi non Excepteur anim",
    "in",
    "in nisi consequat",
    "anim sit commodo in",
    "tempor ex mollit sed culpa",
    "Ut anim laboris",
    "enim eu cupidatat Lorem adipisicing",
    "est",
    "quis magna ut labore sed",
    "ad deserunt aute qui quis",
    "ipsum quis",
    "officia",
    "amet ut",
    "consequat",
    "veniam cillum",
    "aute voluptate velit mollit",
    "dolore",
    "ipsum dolor",
    "id",
    "quis dolor ut",
    "non",
    "minim laboris mollit sunt",
    "sed velit Lorem esse eiusmod",
    "ullamco anim occaecat",
    "Lorem anim ut",
    "veniam",
    "enim eiusmod ullamco exercitation Duis",
    "ex laborum consequat",
    "do",
    "minim",
    "ipsum",
    "velit dolore reprehenderit cupidatat consequat",
    "nostrud",
    "occaecat cupidatat nulla ut",
    "quis fugiat ipsum",
    "laborum veniam in pariatur",
    "Ut nostrud dolore",
    "nisi et quis dolore",
    "qui",
    "reprehenderit",
    "aliqua commodo",
    "minim incididunt consequat ipsum Lorem",
    "eiusmod aliquip ut consequat",
    "dolore nisi non sed",
    "aute",
    "sunt",
    "magna laboris minim",
    "tempor sint",
    "magna elit Ut proident",
    "dolore eiusmod laborum ex",
    "Excepteur do dolor",
    "amet",
    "adipisicing Lorem",
    "voluptate amet aliquip tempor",
    "non do elit aliqua aute",
    "Ut labore",
    "proident",
    "consectetur ut mollit",
    "culpa magna",
    "in ea laborum voluptate cupidatat",
    "incididunt reprehenderit",
    "nulla ullamco dolore cupidatat Lorem",
    "in",
    "dolore exercitation ut quis tempor",
    "dolore id",
    "occaecat qui dolor",
    "laboris enim Excepteur",
    "id",
    "exercitation",
    "ex aute irure",
    "velit"
  ],
  "orderStartDate": "1948-10-14",
  "filedDate": "1996-10-30",
  "taxRate": 35087160,
  "totalBookingAmount": -72955127,
  "shipToContact": [
    "sed Duis dolore",
    "Duis dolore nisi commodo in",
    "incididunt",
    "deserunt dolor cupidatat ad",
    "tempor Excepteur",
    "culpa eiusmod ex",
    "Duis nulla veniam",
    "aliqua Lorem laboris voluptate",
    "aliquip in ullamco eu non",
    "ex ullamco",
    "sed eiusmod elit",
    "magna tempor",
    "magna",
    "dolore nulla mollit",
    "Ut",
    "adipisicing voluptate",
    "labore et",
    "ut",
    "sint anim",
    "cupidatat",
    "cupidatat culpa occaecat laboris",
    "ut et dolore",
    "dolore ut in consectetur tempor",
    "officia elit irure eiusmod minim",
    "Ut",
    "eiusmod sint cupidatat aliqua fugiat",
    "tempor incididunt in ad",
    "et ipsum consectetur",
    "qui velit voluptate",
    "consequat irure in",
    "Duis ea culpa commodo deserunt",
    "amet in exercitation",
    "tempor sint esse nostrud",
    "irure anim ipsum aliquip",
    "non nisi laborum incididunt",
    "quis cupidatat occaecat amet",
    "reprehenderit Ut ullamco",
    "sed minim sint dolor",
    "id aliqua",
    "nisi in",
    "nulla",
    "nostrud ut sed ipsum",
    "in voluptate in",
    "laborum nostrud ex culpa dolor",
    "laborum in",
    "esse Excepteur",
    "dolor",
    "do proident nostrud amet aliqua",
    "magna aliqua voluptate fugiat irure",
    "culpa in proident",
    "veniam occaecat Ut",
    "quis Ut id in in",
    "aliquip nisi esse veniam",
    "enim ad in cupidatat do"
  ],
  "billToPhoneNumber": [
    "aliquip incididunt",
    "esse commodo irure est",
    "ipsum ullamco ut ex Ut",
    "ut non dolore",
    "enim exercitation ad pariatur",
    "dolore commodo eu",
    "dolor",
    "cillum culpa nisi in",
    "Duis",
    "fugiat laborum est et",
    "cupidatat",
    "in consequat aliqua esse Lorem",
    "exercitation nulla elit pariatur sunt",
    "deserunt amet nulla minim",
    "ullamco mollit Lorem",
    "do esse eiusmod Lorem dolore",
    "ea minim cillum fugiat velit",
    "est",
    "in dolor",
    "exercitation laborum incididunt",
    "magna cupidatat",
    "dolore velit",
    "pariatur id",
    "minim dolore ipsum nisi Duis",
    "consectetur reprehenderit est Lorem ex",
    "irure sed magna",
    "pariatur cillum dolor dolore",
    "in anim",
    "ad",
    "in dolor ullamco",
    "laborum aliquip cillum aliqua",
    "elit occaecat do incididunt voluptate",
    "enim dolor in esse",
    "dolor culpa magna consequat aliqua",
    "Ut elit non",
    "dolor veniam eu occaecat",
    "ullamco cupidatat labore proident",
    "eu sunt cupidatat Ut sit"
  ],
  "orderEndDate": "1962-07-17",
  "billToAccount": [
    "minim culpa sint ut",
    "ea est anim",
    "esse incididunt cillum",
    "proident enim",
    "magna Duis Excepteur nulla",
    "ut dolor ipsum",
    "in irure magna",
    "Duis",
    "ex enim",
    "esse",
    "Excepteur ex",
    "Ut dolore proident sint ex",
    "magna voluptate ad ullamco",
    "velit laboris",
    "qui voluptate ut enim sit",
    "ex non cupidatat proident nostrud",
    "aliqua cillum Ut",
    "sed reprehenderit dolore officia",
    "nisi elit aute nostrud",
    "id",
    "ullamco proident dolor esse occaecat",
    "sint ut voluptate id",
    "exercitation in laborum",
    "elit magna consequat",
    "dolore amet qui sed officia",
    "sunt adipisicing non ex elit",
    "quis elit dolore voluptate Duis",
    "enim magna",
    "ut",
    "consectetur consequat",
    "Excepteur",
    "est pariatur magna",
    "exercitation",
    "velit laboris commodo",
    "aliqua aute",
    "in sit Lorem ut quis",
    "minim sed labore id Ut",
    "aute",
    "magna dolor Duis",
    "dolore exercitation dolore",
    "ipsum Ut mollit id",
    "nulla et ullamco",
    "velit in dolor esse",
    "occaecat eu sit",
    "magna ut sed pariatur",
    "cillum in",
    "id in elit esse",
    "Excepteur anim sed quis",
    "esse",
    "in ipsum culpa dolore",
    "culpa commodo deserunt Excepteur",
    "minim deserunt dolore cupidatat",
    "laborum ut",
    "occaecat non eu elit",
    "Excepteur occaecat anim eiusmod in",
    "sunt ad laboris sint quis",
    "magna consequat dolore",
    "enim tempor",
    "ea esse labore",
    "ad dolor mollit aute",
    "sunt commodo nostrud",
    "sed et incididunt consectetur",
    "ex qui occaecat",
    "in",
    "incididunt occaecat",
    "consequat deserunt",
    "magna sed aliqua",
    "qui"
  ],
  "salesChannel": [
    "irure sed sint",
    "nisi",
    "amet sunt labore",
    "tempor ex esse nostrud",
    "amet commodo",
    "nostrud culpa consequat cillum",
    "Ut velit qui",
    "qui",
    "eiusmod velit Ut sint exercitation",
    "cupidatat minim dolore nostrud",
    "nulla eiusmod do",
    "tempor nulla exercitation ut laboris",
    "quis proident est dolor aute",
    "quis eiusmod et ipsum adipisicing",
    "anim incididunt",
    "tempor",
    "adipisicing",
    "laboris cillum velit",
    "ex anim",
    "dolor cupidatat in",
    "sed",
    "elit fugiat in",
    "ullamco anim amet consequat sint",
    "magna anim culpa",
    "reprehenderit in ullamco elit fugiat",
    "laboris qui tempor",
    "nisi culpa",
    "ullamco tempor labore adipisicing",
    "laborum"
  ],
  "paymentMethod": [
    "eiusmod anim dolor cupidatat",
    "Duis",
    "do ex sunt",
    "non dolor anim quis",
    "cillum",
    "fugiat irure",
    "incididunt amet magna adipisicing",
    "labore irure",
    "non sit",
    "dolore dolor do Lorem",
    "veniam qui velit in",
    "sed sint",
    "sunt aliqua consequat commodo cillum",
    "sit est ipsum exercitation",
    "laborum consequat fugiat amet",
    "labore consectetur laboris",
    "est proident",
    "Excepteur",
    "veniam sit ad ut",
    "dolore id fugiat pariatur in",
    "dolore in tempor enim",
    "eiusmod dolore ut culpa fugiat",
    "ex voluptate Ut",
    "enim pariatur velit id cupidatat",
    "laboris deserunt",
    "nulla officia",
    "nisi Excepteur",
    "est consectetur",
    "minim do ullamco",
    "reprehenderit officia",
    "dolor dolor exercitation occaecat",
    "commodo mollit id voluptate occaecat"
  ],
  "orderDiscount": -5707428,
  "isReductionOrder": false,
  "iSOCulture": "enim mollit",
  "totalDeliveryFeeAmount": -93545111,
  "totalDeliveryTaxAmount": -63219686,
  "renewalUpliftRate": 42871976,
  "totalAdjustedDeliveryTaxAmount": 62241762,
  "salesOrderSystemStatus": "pariatur elit id",
  "billToContact": [
    "adipisicing",
    "commodo",
    "tempor aute dolore",
    "sint ea enim dolor",
    "do aliqua ullamco pariatur esse",
    "exercitation eu dolore ut",
    "aliquip culpa velit",
    "aliquip proident",
    "minim in consequat eiusmod ullamco",
    "veniam consectetur aute nulla labore",
    "ut ullamco",
    "incididunt consequat",
    "enim aliqua",
    "magna commodo voluptate adipisicing",
    "cillum",
    "aliquip in laboris commodo in",
    "ullamco velit commodo quis eu",
    "nostrud do laborum",
    "ad voluptate do",
    "in Duis anim deserunt",
    "amet ipsum",
    "culpa id ut esse Duis",
    "irure dolor consectetur Duis",
    "qui ex in ut aliquip",
    "sed anim Ut in",
    "sint in cillum Lorem",
    "proident exercitation magna anim",
    "commodo amet",
    "veniam dolore",
    "quis in nostrud do",
    "laborum ut",
    "ullamco",
    "laboris ullamco Excepteur occaecat",
    "proident sunt et in",
    "id",
    "ea",
    "commodo aute",
    "incididunt exercitation",
    "incididunt velit",
    "sit magna",
    "dolor",
    "culpa labore dolore exercitation",
    "nisi sint enim commodo laborum",
    "ad consectetur",
    "incididunt sunt officia Lorem",
    "non pariatur voluptate",
    "consectetur mollit esse eiusmod sunt",
    "et",
    "commodo nisi dolor",
    "eiusmod dolore pariatur ipsum ullamco",
    "amet dolore et reprehenderit",
    "pariatur in Duis nisi do",
    "amet",
    "culpa non in aute aliqua",
    "proident et laboris in",
    "consequat deserunt quis anim tempor",
    "aute nulla elit",
    "commodo"
  ],
  "fulfilledDate": "1972-11-16",
  "totalCancelledBillingAmount": 75783044,
  "priceCalculationStatusMessageText": "ex ullamco ut",
  "shipToAddress": [
    "culpa dolore cupidatat",
    "fugiat cillum in ut",
    "consequat pariatur ut incididunt",
    "commodo dolor",
    "ipsum ea",
    "in",
    "dolor quis esse",
    "et Lorem minim sunt laborum",
    "eiusmod magna",
    "irure",
    "magna veniam",
    "Lorem",
    "ut labore dolore commodo",
    "sint ipsum consectetur exercitation",
    "ex",
    "ad",
    "tempor",
    "Excepteur Duis ipsum enim",
    "voluptate",
    "anim exercitation proident",
    "commodo mollit nisi",
    "proident",
    "elit culpa",
    "reprehenderit minim sint",
    "Lorem id",
    "culpa anim sint",
    "qui reprehenderit",
    "laboris fugiat dolor laborum dolore",
    "in ad",
    "do consectetur",
    "aliqua commodo anim cillum dolore",
    "ipsum sunt consectetur aliquip dolore",
    "aliqua mollit",
    "qui fugiat in dolor",
    "voluptate culpa dolore eiusmod",
    "Lorem Ut dolore Excepteur sed",
    "ut laboris amet ea",
    "aliqua",
    "Duis id eu dolor ea",
    "nulla officia",
    "nisi magna pariatur mollit",
    "occaecat",
    "aliqua aliquip",
    "commodo eu qui",
    "ut deserunt",
    "adipisicing eiusmod ea mollit sint",
    "incididunt reprehenderit",
    "laboris cillum nulla",
    "adipisicing",
    "magna ea",
    "ipsum ut ullamco",
    "aute cupidatat ea laborum consequat",
    "aute veniam in irure",
    "sint",
    "reprehenderit Lorem",
    "sint reprehenderit aliquip exercitation fugiat",
    "qui",
    "mollit commodo",
    "do anim",
    "elit",
    "magna ut",
    "sunt",
    "quis consequat proident aute",
    "adipisicing deserunt magna ut",
    "ad in exercitation eiusmod reprehenderit",
    "sed",
    "minim",
    "est in voluptate sed",
    "culpa consequat",
    "eu ut"
  ],
  "isHistoricalOnly": true,
  "cancelDateType": "elit aute dolor anim",
  "customerAuthorizedDate": "1971-06-18",
  "totalPendingBillingAmount": 64895286,
  "isSuspended": false,
  "orderInsuranceAmount": 33664175,
  "purchaseOrderDate": "1991-01-14",
  "isGiftOrder": false,
  "packedDate": "1950-10-24",
  "billToAddress": [
    "qui",
    "ad aute aliquip dolore",
    "in quis Ut",
    "occaecat",
    "mollit Ut aliquip consequat labore",
    "quis",
    "sunt cillum amet incididunt",
    "laboris incididunt elit tempor",
    "velit do nostrud elit",
    "reprehenderit ad cillum",
    "occaecat",
    "pariatur est eiusmod velit aute"
  ],
  "isContracted": true,
  "totalAdjustmentTaxAmount": 49125266,
  "grandTotalAmount": -53547913,
  "companyAuthorizedDate": "2005-05-16",
  "totalDeliveryAmount": 13389373,
  "shipToEmail": [
    "commodo dolore quis elit aliqua",
    "in nostrud",
    "laboris quis in ea non",
    "nostrud mollit est cillum Excepteur",
    "aliquip",
    "officia velit",
    "Lorem quis",
    "sunt exercitation laborum in Excepteur",
    "officia dolore pariatur",
    "et",
    "laborum dolor",
    "in commodo ea qui",
    "ea aliquip",
    "nostrud consequat sunt incididunt",
    "ut elit dolore in",
    "sed",
    "ullamco ex fugiat",
    "aliqua",
    "pariatur officia qui voluptate Excepteur",
    "aliqua irure reprehenderit Ut",
    "pariatur ut",
    "sint irure ex eiusmod ut",
    "laborum aliquip",
    "voluptate sint dolor eu laboris",
    "Duis eiusmod mollit",
    "aliquip",
    "veniam consectetur tempor"
  ],
  "internalBusinessUnit": [
    "incididunt laborum",
    "incididunt dolore",
    "velit",
    "Excepteur laborum et",
    "pariatur in Duis quis",
    "sunt do amet",
    "qui culpa in veniam esse",
    "cillum sit",
    "nulla",
    "ullamco eiusmod ipsum non id",
    "fugiat ad amet",
    "consequat aute dolore pariatur",
    "eiusmod minim qui cupidatat",
    "quis veniam cupidatat esse",
    "ad aliqua nisi",
    "officia enim mollit dolore",
    "adipisicing Excepteur do est",
    "consequat minim do sed ipsum",
    "anim",
    "laboris",
    "eiusmod non et",
    "aliquip veniam",
    "incididunt magna sunt veniam",
    "sint esse",
    "deserunt cupidatat exercitation sit nostrud",
    "laboris id irure ea",
    "irure dolor laborum",
    "sunt sint officia exercitation minim",
    "aliquip et culpa",
    "est",
    "nisi commodo",
    "in eiusmod aute laborum reprehenderit",
    "ut occaecat Lorem et",
    "proident cillum",
    "cillum",
    "Duis est occaecat",
    "proident amet Ut Excepteur ex",
    "ipsum consequat aute et",
    "est Duis",
    "in",
    "adipisicing dolore sunt",
    "aliquip ea",
    "nisi laborum sed ex",
    "commodo sit",
    "quis adipisicing ex",
    "in irure minim dolore elit",
    "mollit anim",
    "exercitation in Ut aliquip",
    "amet qui esse fugiat in",
    "laborum occaecat in fugiat",
    "ex fugiat est mollit cupidatat",
    "sit esse sed",
    "reprehenderit ut",
    "esse anim sed",
    "ullamco eiusmod laboris adipisicing",
    "ut et ex",
    "amet adipisicing et exercitation deserunt",
    "officia dolore exercitation et",
    "cillum quis labore minim",
    "occaecat",
    "et proident",
    "reprehenderit",
    "non mollit cupidatat",
    "non Duis magna sit",
    "ullamco Excepteur",
    "sit laboris aliquip nulla",
    "dolore eu reprehenderit id fugiat",
    "ad",
    "dolor ut dolore aliquip",
    "cupidatat Lorem pariatur ut quis",
    "sunt do consequat reprehenderit eiusmod",
    "reprehenderit",
    "elit",
    "nulla amet occaecat",
    "proident Excepteur culpa",
    "officia pariatur velit nostrud",
    "anim Lorem adipisicing irure",
    "Lorem eiusmod",
    "nulla do proident",
    "nisi",
    "ut",
    "ea dolore",
    "dolor",
    "in labore incididunt irure",
    "proident cupidatat",
    "cillum nostrud et do",
    "deserunt",
    "aliquip Ut voluptate Excepteur dolore"
  ],
  "renewalTerm": [
    {
      "id": "sint dolor minim enim",
      "name": "in fugiat velit dolor"
    },
    {
      "id": "ea",
      "name": "nisi laboris"
    },
    {
      "id": "deserunt id enim aliquip eiusmod",
      "name": "Duis dolor quis"
    },
    {
      "id": "cillum",
      "name": "incididunt"
    },
    {
      "id": "amet quis sed",
      "name": "culpa aliquip nulla dolor consequat"
    },
    {
      "id": "ad",
      "name": "dolor"
    },
    {
      "id": "Lorem laboris amet in",
      "name": "Lorem sit"
    },
    {
      "id": "magna irure est eiusmod in",
      "name": "commodo dolore consectetur cillum est"
    },
    {
      "id": "qui aute",
      "name": "veniam incididunt commodo"
    },
    {
      "id": "magna esse aliqua mollit",
      "name": "sint cillum pariatur"
    },
    {
      "id": "ex ipsum ut est et",
      "name": "velit cupidatat proident dolor ex"
    },
    {
      "id": "voluptate Lorem nostrud",
      "name": "elit"
    },
    {
      "id": "esse aute consequat cupidatat",
      "name": "Ut minim adipisicing"
    },
    {
      "id": "nulla sunt ullamco amet cupidatat",
      "name": "dolor"
    },
    {
      "id": "velit ut",
      "name": "quis non"
    },
    {
      "id": "dolor ullamco aliqua fugiat sit",
      "name": "voluptate in sit"
    },
    {
      "id": "minim anim ipsum",
      "name": "eu amet ut"
    },
    {
      "id": "commodo Ut quis consectetur",
      "name": "Ut consequat incididunt eu deserunt"
    },
    {
      "id": "in magna velit dolor",
      "name": "amet non minim"
    },
    {
      "id": "consequat labore",
      "name": "deserunt"
    },
    {
      "id": "nulla aliqua dolor",
      "name": "non officia"
    }
  ],
  "activatedDate": "1993-04-12",
  "purchaseOrderNumber": "id in elit",
  "billingDayOfTheMonth": 40803933,
  "promiseFulfillmentDate": "1946-09-02",
  "checkoutDate": "1970-05-20",
  "billToEmail": [
    "consequat in occaecat aliqua",
    "ut",
    "dolor adipisicing reprehenderit non",
    "Duis quis enim in ullamco",
    "adipisicing cupidatat ad sint dolore",
    "sunt pariatur est nisi",
    "sunt esse cupidatat",
    "ad irure",
    "irure nisi dolore",
    "cillum",
    "commodo in nostrud",
    "Lorem magna",
    "consequat esse Duis Lorem",
    "commodo reprehenderit in aliquip voluptate",
    "eiusmod aliqua ad et",
    "occaecat sed",
    "ipsum ex",
    "sed dolore",
    "qui",
    "magna veniam occaecat",
    "aliqua reprehenderit commodo",
    "do in amet",
    "ea non",
    "fugiat",
    "irure veniam nostrud",
    "sunt quis",
    "tempor",
    "laboris",
    "esse eu est sed proident",
    "velit incididunt do ut pariatur",
    "ipsum Excepteur magna sit",
    "irure laborum",
    "laborum",
    "Lorem et voluptate nisi",
    "non",
    "amet Lorem tempor",
    "commodo fugiat reprehenderit",
    "eu laborum veniam aute",
    "proident ipsum",
    "eu veniam eiusmod dolore",
    "dolor aliqua nostrud irure",
    "occaecat laborum tempor",
    "consequat Ut",
    "elit in quis consequat",
    "laboris aliquip",
    "nostrud exercitation cillum dolor",
    "esse sit exercitation veniam fugiat",
    "ad",
    "incididunt",
    "consequat culpa",
    "dolor in exercitation ullamco",
    "quis id voluptate",
    "ut et eu",
    "Lorem",
    "in sit dolor laboris minim",
    "ut consectetur",
    "Ut reprehenderit qui",
    "quis",
    "aliqua culpa ullamco irure",
    "cillum",
    "nulla ea pariatur incididunt",
    "reprehenderit nisi sed",
    "elit eiusmod qui esse",
    "commodo",
    "labore dolore nostrud non deserunt",
    "deserunt",
    "in cillum tempor",
    "laborum dolore tempor",
    "reprehenderit voluptate proident cupidatat",
    "est consequat Lorem eiusmod",
    "velit in irure incididunt",
    "ut sint minim",
    "Excepteur in dolore",
    "tempor voluptate Lorem ex quis"
  ],
  "promiseDate": "1955-03-12",
  "soldToCustomer": [
    "sit laborum ad",
    "ex dolore pariatur mollit",
    "laboris ullamco",
    "in proident enim veniam",
    "commodo",
    "exercitation eu in veniam commodo",
    "magna",
    "nostrud qui fugiat incididunt officia",
    "laboris Ut reprehenderit veniam",
    "irure enim quis eu occaecat",
    "velit labore",
    "anim",
    "aliquip incididunt in eiusmod",
    "sed qui",
    "irure",
    "deserunt ut",
    "sunt occaecat in cupidatat in",
    "enim consectetur ipsum id qui",
    "ullamco nostrud et culpa",
    "culpa id amet cupidatat sit",
    "amet mollit ut non",
    "nulla elit",
    "ullamco sunt",
    "Excepteur veniam consequat ut",
    "dolore sed",
    "in in ut",
    "cillum laborum consectetur Lorem proident",
    "sint",
    "irure",
    "qui ut",
    "proident culpa sit aliquip eiusmod",
    "culpa reprehenderit eiusmod",
    "anim dolor aute commodo",
    "proident amet do",
    "voluptate irure quis tempor ipsum",
    "mollit velit ipsum aliquip exercitation",
    "Excepteur aliquip nostrud",
    "laboris reprehenderit aliquip",
    "reprehenderit pariatur tempor magna",
    "ut in nisi dolore amet",
    "Excepteur proident non",
    "est ea reprehenderit ut sed",
    "sit nulla mollit eu",
    "nulla officia labore consequat mollit",
    "qui anim elit",
    "officia Lorem dolor Ut veniam",
    "minim nisi mollit Ut amet",
    "sint deserunt magna id adipisicing",
    "eiusmod aute est",
    "quis enim",
    "pariatur aute et dolor",
    "dolore esse",
    "aliquip ex pariatur cupidatat Lorem",
    "ipsum magna",
    "deserunt ea",
    "Ut dolor",
    "minim laborum",
    "minim ullamco occaecat pariatur laborum"
  ],
  "totalAdjustmentAmount": -16442641,
  "adjustedProductTaxAmount": 76780833,
  "totalTaxAmount": 34194576,
  "isAlerted": true,
  "totalProductTaxAmount": 15563652,
  "isAnonymous": true,
  "isTaxExempt": true,
  "adjustedTotalProductAmount": 99521763,
  "paidDate": "2007-04-01"
}
