{
  "id": "labore nulla pariatur aliqua",
  "shipmentDate": "1988-11-07",
  "shipmentStatus": [
    {
      "id": "sint sed",
      "name": "magna ullamco",
      "description": "ullamco aute est"
    },
    {
      "id": "minim",
      "name": "aliquip culpa",
      "description": "ut"
    },
    {
      "id": "exercitation ut sunt aute veniam",
      "name": "laborum tempor incididunt velit",
      "description": "mollit"
    },
    {
      "id": "ipsum dolor amet minim",
      "name": "commodo exercitation Duis",
      "description": "laboris"
    },
    {
      "id": "amet Duis Lorem",
      "name": "Duis laborum ullamco ut",
      "description": "dolor enim aliqua ut Excepteur"
    },
    {
      "id": "est mollit",
      "name": "aute occaecat nulla sit in",
      "description": "laborum in"
    },
    {
      "id": "esse est sint",
      "name": "sint",
      "description": "Lorem esse in cupidatat"
    },
    {
      "id": "mollit exercitation aliquip nostrud",
      "name": "labore non",
      "description": "laboris"
    },
    {
      "id": "nisi eiusmod ullamco minim",
      "name": "aute amet",
      "description": "mollit"
    },
    {
      "id": "nulla nostrud dolore",
      "name": "Duis ad",
      "description": "ullamco"
    },
    {
      "id": "anim in reprehenderit in ea",
      "name": "veniam incididunt aute ad voluptate",
      "description": "eu sit labore eiusmod aute"
    },
    {
      "id": "mollit",
      "name": "consequat Duis",
      "description": "eu"
    },
    {
      "id": "aliquip",
      "name": "veniam in officia occaecat",
      "description": "nostrud aute"
    },
    {
      "id": "cupidatat",
      "name": "eiusmod sint officia",
      "description": "consequat proident sit"
    },
    {
      "id": "Duis",
      "name": "commodo qui",
      "description": "magna amet"
    },
    {
      "id": "dolor et occaecat do aliquip",
      "name": "velit cillum eiusmod",
      "description": "enim dolor"
    },
    {
      "id": "non sit deserunt Ut ut",
      "name": "irure Ut sint pariatur",
      "description": "culpa enim"
    },
    {
      "id": "fugiat in ea aute",
      "name": "occaecat cillum aliquip eu ad",
      "description": "do nostrud officia velit"
    },
    {
      "id": "elit",
      "name": "cillum exercitation",
      "description": "Duis consequat"
    },
    {
      "id": "incididunt ipsum do commodo",
      "name": "ad enim dolor id in",
      "description": "sed irure"
    },
    {
      "id": "non",
      "name": "magna",
      "description": "reprehenderit consequat"
    },
    {
      "id": "sed dolore aliqua consectetur",
      "name": "quis sit amet officia in",
      "description": "eu officia labore"
    },
    {
      "id": "esse",
      "name": "consectetur",
      "description": "ipsum aliquip aute sit"
    },
    {
      "id": "pariatur",
      "name": "qui",
      "description": "sint sed culpa irure"
    },
    {
      "id": "proident aliquip",
      "name": "ea ut nostrud id",
      "description": "Lorem dolore"
    },
    {
      "id": "officia",
      "name": "proident esse sunt Excepteur dolore",
      "description": "anim dolor eu nisi"
    },
    {
      "id": "ut ullamco",
      "name": "nisi",
      "description": "in"
    },
    {
      "id": "pariatur do sed ullamco",
      "name": "ullamco",
      "description": "Excepteur"
    },
    {
      "id": "sed",
      "name": "reprehenderit",
      "description": "minim Ut incididunt cupidatat consectetur"
    },
    {
      "id": "velit dolore eu in",
      "name": "in ut ad non consequat",
      "description": "Duis"
    },
    {
      "id": "ullamco enim",
      "name": "fugiat officia dolor esse",
      "description": "id nostrud dolore amet do"
    },
    {
      "id": "in aute sint dolore",
      "name": "ea nostrud incididunt consequat",
      "description": "aliquip consequat anim quis labore"
    },
    {
      "id": "do aliqua non laborum consequat",
      "name": "veniam sint",
      "description": "aliqua do id"
    },
    {
      "id": "aute quis nulla sed",
      "name": "dolore",
      "description": "laboris culpa"
    },
    {
      "id": "in",
      "name": "dolore reprehenderit occaecat qui",
      "description": "consectetur reprehenderit nostrud"
    },
    {
      "id": "magna veniam labore",
      "name": "adipisicing nisi fugiat ut occaecat",
      "description": "occaecat"
    },
    {
      "id": "sed proident non",
      "name": "enim",
      "description": "aute"
    },
    {
      "id": "magna",
      "name": "minim occaecat quis velit officia",
      "description": "laborum amet fugiat velit"
    },
    {
      "id": "officia laborum",
      "name": "cupidatat veniam",
      "description": "reprehenderit magna"
    },
    {
      "id": "Duis magna enim exercitation",
      "name": "consequat nostrud",
      "description": "laboris enim nisi officia Excepteur"
    },
    {
      "id": "dolore tempor exercitation id",
      "name": "non sunt est enim occaecat",
      "description": "sed cillum tempor minim"
    },
    {
      "id": "esse ad do sed dolore",
      "name": "cillum voluptate",
      "description": "proident esse in"
    }
  ],
  "isGift": true,
  "salesOrder": [
    "ad",
    "commodo anim",
    "labore nisi sunt eiusmod",
    "ut",
    "sed sit quis elit laboris",
    "nulla",
    "ut culpa",
    "consectetur dolor",
    "qui officia sit voluptate aute",
    "occaecat voluptate elit esse",
    "sed in ullamco dolore exercitation",
    "adipisicing Duis consequat qui cupidatat",
    "in nulla velit occaecat mollit",
    "Excepteur magna est dolore",
    "laborum",
    "irure laborum",
    "minim",
    "labore",
    "qui",
    "labore Lorem",
    "cupidatat",
    "sed et esse",
    "ullamco",
    "reprehenderit nostrud",
    "occaecat",
    "Ut officia Excepteur incididunt",
    "velit et culpa",
    "do consectetur nostrud",
    "occaecat consequat esse",
    "Ut quis dolore labore",
    "aute",
    "dolore labore eiusmod eu Lorem",
    "culpa elit consectetur dolore dolor",
    "amet officia",
    "occaecat in commodo eu",
    "reprehenderit cupidatat",
    "anim proident",
    "nisi id",
    "cillum",
    "commodo voluptate officia",
    "ullamco laborum",
    "cillum",
    "in qui fugiat",
    "nulla est aliquip",
    "reprehenderit irure esse cupidatat",
    "deserunt qui sint enim dolor",
    "laboris qui occaecat eiusmod in",
    "non laboris pariatur",
    "non minim",
    "minim aliqua in et",
    "sed",
    "dolor reprehenderit",
    "irure et id",
    "commodo magna irure laborum",
    "non sint",
    "nostrud eiusmod sint nisi",
    "aute",
    "consequat in",
    "cillum ex",
    "cupidatat ullamco ipsum est",
    "quis enim est minim eu",
    "esse enim dolore reprehenderit",
    "ea",
    "nostrud est reprehenderit",
    "qui consectetur elit dolor"
  ],
  "shipmentNumber": "tempor enim aute veniam adipisicing",
  "shipToAddress": [
    "pariatur sint eu quis",
    "anim veniam nisi Ut ut"
  ],
  "salesOrderDeliveryGroup": [
    "eiusmod officia non culpa",
    "ea mollit aute eu",
    "id ut fugiat Lorem",
    "est laboris in eu aute",
    "esse Lorem reprehenderit voluptate",
    "dolore tempor",
    "cillum aliqua ipsum sint",
    "sint",
    "proident",
    "sed dolore sit pariatur voluptate",
    "cupidatat irure",
    "minim commodo",
    "ipsum amet nisi",
    "dolore Excepteur laboris sit enim",
    "magna non ad cupidatat",
    "ullamco deserunt nulla ea aliqua",
    "laboris nostrud commodo ut",
    "pariatur aliqua mollit Duis",
    "nulla magna",
    "in elit tempor officia cillum",
    "officia elit",
    "ea veniam deserunt reprehenderit pariatur",
    "Duis ut",
    "dolor ut eu",
    "dolor culpa nulla sed",
    "sunt",
    "aute enim",
    "aliqua elit minim",
    "dolor culpa amet",
    "ullamco",
    "do nulla qui tempor",
    "aliqua deserunt",
    "ut qui",
    "adipisicing mollit Lorem",
    "nisi ipsum occaecat in",
    "eu ut ad reprehenderit",
    "pariatur aliqua in",
    "adipisicing magna sunt in",
    "consectetur qui reprehenderit incididunt officia",
    "consequat elit ipsum Ut ut",
    "aliquip laboris quis ea",
    "nostrud eiusmod culpa ex ipsum",
    "ea veniam",
    "labore elit in magna",
    "do in proident",
    "fugiat deserunt anim proident",
    "mollit ut",
    "aute ut labore minim"
  ],
  "giftMessageText": "aliqua ad adipisicing",
  "actualDeliveryDateTime": "00:01:01"
}
