{
  "$schema": "http://json-schema.org/draft-07/schema#",
  "$ref": "#/definitions/DeviceUserSession",
  "definitions": {
    "DeviceUserSession": {
      "type": "object",
      "example": {
        "id": null,
        "name": "minim commodo eu sint"
      },
      "additionalProperties": true,
      "required": [
        "name",
        "id"
      ],
      "properties": {
        "id": {
          "anyOf": [
            {
              "type": "string"
            },
            {
              "type": "null"
            }
          ]
        },
        "name": {
          "type": "string"
        }
      }
    }
  }
}
