{
  "$schema": "http://json-schema.org/draft-07/schema#",
  "$ref": "#/definitions/PartyRole",
  "definitions": {
    "PartyRole": {
      "type": "object",
      "example": {
        "id": null,
        "party": [
          "elit",
          "cillum nisi est"
        ]
      },
      "additionalProperties": true,
      "required": [
        "id"
      ],
      "properties": {
        "id": {
          "anyOf": [
            {
              "type": "string"
            },
            {
              "type": "null"
            }
          ]
        },
        "party": {
          "type": "array",
          "items": {
            "type": "string"
          }
        }
      }
    }
  }
}
