{
  "$schema": "http://json-schema.org/draft-07/schema#",
  "$ref": "#/definitions/PaymentAuthorization",
  "definitions": {
    "PaymentAuthorization": {
      "type": "object",
      "example": {
        "id": "dolor laboris in",
        "paymentGatewayReferenceNumber": "exercitation nulla",
        "salesOrderPaymentSummary": [
          "proident"
        ],
        "totalPaymentCaptureAmount": 32819930,
        "paymentAuthorizationProcessingMode": "minim enim nulla et",
        "authorizationAmount": -78360870,
        "expirationDate": "1956-10-16",
        "paymentGroup": [
          "sint magna dolore in"
        ],
        "paymentGatewayInternalReferenceNumber": "elit",
        "gatewayReferenceDetailsText": "in elit enim",
        "totalAuthorizationReversalAmount": 96919881,
        "paymentGateway": [
          "sunt"
        ],
        "paymentGatewayResult": [
          {
            "id": "sint dolore id",
            "name": "ut eu",
            "description": "proident"
          }
        ],
        "externalCreatedDate": "1944-06-23",
        "paymentAuthorizationNumber": "ipsum irure ad id",
        "requestDate": "15:30:08",
        "availableBalanceAmount": 9697770,
        "paymentMethodID": [
          "officia reprehenderit ullamco"
        ],
        "gatewayAuthorizationCode": "Duis dolore velit consequat",
        "paymentGatewayDate": "19:57:11",
        "paymentAuthorizationStatus": "aliquip",
        "gatewayResultCodeDescription": "Lorem",
        "macAddress": "deserunt dolore ad Excepteur",
        "paymentAuthorizationCommentText": "incididunt",
        "iPAddress": "irure mollit"
      },
      "additionalProperties": true,
      "required": [
        "expirationDate",
        "totalPaymentCaptureAmount",
        "paymentGatewayDate",
        "paymentGatewayReferenceNumber",
        "id",
        "authorizationAmount",
        "paymentAuthorizationProcessingMode",
        "paymentAuthorizationNumber",
        "paymentGatewayResult",
        "gatewayAuthorizationCode",
        "requestDate",
        "paymentAuthorizationStatus"
      ],
      "properties": {
        "id": {
          "anyOf": [
            {
              "type": "string"
            },
            {
              "type": "null"
            }
          ]
        },
        "paymentGatewayReferenceNumber": {
          "type": "string"
        },
        "salesOrderPaymentSummary": {
          "type": "array",
          "items": {
            "type": "string"
          }
        },
        "iPAddress": {
          "type": "string"
        },
        "totalPaymentCaptureAmount": {
          "type": "integer"
        },
        "paymentAuthorizationProcessingMode": {
          "type": "string"
        },
        "authorizationAmount": {
          "type": "integer"
        },
        "expirationDate": {
          "type": "string",
          "format": "date"
        },
        "paymentGroup": {
          "type": "array",
          "items": {
            "type": "string"
          }
        },
        "paymentGatewayInternalReferenceNumber": {
          "type": "string"
        },
        "gatewayReferenceDetailsText": {
          "type": "string"
        },
        "totalAuthorizationReversalAmount": {
          "anyOf": [
            {
              "type": "integer"
            },
            {
              "type": "null"
            }
          ]
        },
        "paymentGateway": {
          "type": "array",
          "items": {
            "type": "string"
          }
        },
        "paymentGatewayResult": {
          "type": "array",
          "items": {
            "type": "object",
            "additionalProperties": true,
            "required": [
              "id",
              "name",
              "description"
            ],
            "properties": {
              "id": {
                "anyOf": [
                  {
                    "type": "string"
                  },
                  {
                    "type": "null"
                  }
                ]
              },
              "name": {
                "type": "string"
              },
              "description": {
                "type": "string"
              }
            }
          }
        },
        "paymentAuthorizationCommentText": {
          "type": "string"
        },
        "externalCreatedDate": {
          "anyOf": [
            {
              "type": "string",
              "format": "date"
            },
            {
              "type": "null"
            }
          ]
        },
        "paymentAuthorizationNumber": {
          "type": "string"
        },
        "requestDate": {
          "type": "string",
          "format": "time"
        },
        "availableBalanceAmount": {
          "anyOf": [
            {
              "type": "integer"
            },
            {
              "type": "null"
            }
          ]
        },
        "paymentMethodID": {
          "type": "array",
          "items": {
            "type": "string"
          }
        },
        "gatewayResultCodeDescription": {
          "type": "string"
        },
        "macAddress": {
          "type": "string"
        },
        "gatewayAuthorizationCode": {
          "type": "string"
        },
        "paymentGatewayDate": {
          "type": "string",
          "format": "time"
        },
        "paymentAuthorizationStatus": {
          "type": "string"
        }
      }
    }
  }
}
