{
  "$schema": "http://json-schema.org/draft-07/schema#",
  "$ref": "#/definitions/ProductValidityTimePeriodUOM",
  "definitions": {
    "ProductValidityTimePeriodUOM": {
      "type": "object",
      "example": {
        "id": "dolor esse incididunt",
        "name": "laborum cupidatat Duis",
        "pluralName": "sed"
      },
      "additionalProperties": true,
      "required": [
        "pluralName",
        "name",
        "id"
      ],
      "properties": {
        "id": {
          "anyOf": [
            {
              "type": "string"
            },
            {
              "type": "null"
            }
          ]
        },
        "name": {
          "type": "string"
        },
        "pluralName": {
          "type": "string"
        }
      }
    }
  }
}
